ad_scraped_on,ad_id,make,model,year,mileage,fuel_type,engine_capacity,transmission,city,price
2025-04-03,9793015,Suzuki,Mehran VXR Euro II,2014,200000,Petrol,796,Manual,Islamabad,1100000.0
2025-04-03,9881713,Mitsubishi,Pajero,2002,247000,Petrol,3000,Automatic,Islamabad,5200000.0
2025-04-03,9793862,Toyota,Passo X L Package S,2021,17950,Petrol,1000,Automatic,Topi,4450000.0
2025-04-03,9913903,Mitsubishi,Ek Wagon GS,2011,128369,Petrol,660,Automatic,Faisalabad,1689999.0
2025-04-03,9863453,Suzuki,Wagon R FA,2015,78000,Petrol,660,Automatic,Sialkot,2525000.0
2025-04-03,9923335,Toyota,Corolla,1986,300000,Petrol,1500,Manual,Mardan,900000.0
2025-04-03,9920021,Honda,City 1.3 i-VTEC,2014,220000,Petrol,1300,Manual,Multan,2900000.0
2025-04-03,9811267,Honda,Civic,1988,10,Petrol,1600,Manual,Islamabad,736000.0
2025-04-03,9923356,Toyota,Corolla 8th (E110) Generation GLi 1.6,1996,72000,Petrol,1600,Manual,Peshawar,2900000.0
2025-04-03,9923344,Suzuki,Alto VXR,2021,39500,Petrol,660,Manual,Lahore,2350000.0
2025-04-03,9923355,Hyundai,Santro Club,2004,153515,Petrol,1000,Manual,Faisalabad,890000.0
2025-04-03,9923354,Toyota,Corolla Altis Grande X CVT-i 1.8 Beige Interior,2021,106500,Petrol,1800,Automatic,Toba Tek Singh,6200000.0
2025-04-03,9923265,Suzuki,Alto VXR,2006,123000,Petrol,1000,Manual,Multan,800000.0
2025-04-03,9923351,Suzuki,Mehran VX,2009,65000,Petrol,800,Manual,Faisalabad,665000.0
2025-04-03,9923349,Honda,Civic Oriel 1.8 i-VTEC CVT,2018,38000,Petrol,1800,Automatic,Karachi,6000000.0
2025-04-03,9923347,Suzuki,Wagon R,2007,173000,Petrol,660,Automatic,Rawalpindi,1710000.0
2025-04-03,9923346,Haval,H6 HEV,2024,800,Hybrid,1500,Automatic,Islamabad,12200000.0
2025-04-03,9814693,Honda,Airwave M S Package,2006,10093,Petrol,1500,Automatic,Lahore,2700000.0
2025-04-03,9923342,Suzuki,Cultus EURO II,2015,49000,Petrol,1000,Manual,Karachi,2000000.0
2025-04-03,9923338,Honda,City 5th (GM2) Generation Aspire 1.5 i-VTEC,2016,140000,Petrol,1500,Manual,Lahore,3425000.0
2025-04-03,9923340,Suzuki,Cultus VXR,2017,78000,Petrol,1000,Manual,Lodhran,2450000.0
2025-04-03,9923333,Toyota,Aqua S,2015,100000,Hybrid,1500,Automatic,Lahore,4100000.0
2025-04-03,9923329,Suzuki,Mehran VXR,2010,60000,Petrol,800,Manual,Karachi,830000.0
2025-04-03,9923328,Suzuki,Cultus VXRi,2008,123,Petrol,1000,Manual,Karachi,1000000.0
2025-04-03,9923326,Suzuki,Margalla,1994,125000,Petrol,1300,Manual,Sadiqabad,459999.0
2025-04-03,9760631,Honda,Civic Oriel 1.8 i-VTEC CVT,2021,83000,Petrol,1800,Automatic,Lahore,6250000.0
2025-04-03,9923324,Daihatsu,Mira X SA lll,2022,7900,Petrol,660,Automatic,Islamabad,3470000.0
2025-04-03,9923319,Suzuki,Mehran VX,2003,150000,Petrol,800,Manual,Peshawar,695000.0
2025-04-03,9923323,KIA,Sportage AWD,2021,68000,Petrol,2000,Automatic,Lahore,7000000.0
2025-04-03,9923322,Honda,City 1.2L CVT,2025,231,Petrol,1200,Automatic,Mirpur khas,4925000.0
2025-04-03,9923320,Suzuki,Mehran VX,2022,100000,Petrol,800,Manual,Rawalpindi,470000.0
2025-04-03,9818546,Toyota,Land Cruiser AX,2008,109000,Petrol,4600,Automatic,Karachi,17000000.0
2025-04-03,9923310,Suzuki,Bolan VX Euro II,2018,53000,Petrol,800,Manual,Kashmir,1400000.0
2025-04-03,9923317,Toyota,Corolla GLi 1.3 VVTi,2012,185000,Petrol,1300,Manual,Peshawar,3240999.0
2025-04-03,9923316,Suzuki,Cultus VXL,2021,45000,Petrol,1000,Manual,Hafizabad,3350000.0
2025-04-03,9901663,Toyota,Raize Z,2020,82000,Petrol,1000,Automatic,Islamabad,5550000.0
2025-04-03,9894457,Honda,Fit 1.5 Hybrid RS,2015,86000,Hybrid,1500,Automatic,Islamabad,3750000.0
2025-04-03,9923313,Suzuki,Wagon R,2017,90000,Hybrid,660,Automatic,Pasrur,2850000.0
2025-04-03,9923311,Toyota,Corolla Altis 1.8,2009,195000,Petrol,1800,Manual,Jaranwala,2000000.0
2025-04-03,9906264,Nissan,Tiida 15G,2007,161000,Petrol,1500,Automatic,Islamabad,1825000.0
2025-04-03,9923277,Honda,Civic 11th Generation RS,2024,41000,Petrol,1500,Automatic,Islamabad,9600000.0
2025-04-03,9923307,Daihatsu,Rocky G,2020,31900,Petrol,1000,Automatic,Islamabad,5750000.0
2025-04-03,9923305,Honda,Civic VTi 1.8 i-VTEC,2010,182000,Petrol,1800,Manual,Lahore,2100000.0
2025-04-03,9923304,Suzuki,Wagon R VXL,2019,88000,Petrol,1000,Manual,Islamabad,2380000.0
2025-04-03,8793181,Honda,Civic VTi Oriel Automatic 1.6,1999,60000,Petrol,1600,Automatic,Mansehra,1300000.0
2025-04-03,9917303,Toyota,Vitz F 1.3,2005,123,Petrol,1300,Automatic,Lahore,1870000.0
2025-04-03,9883083,Honda,Civic VTi Oriel Prosmatec 1.8 i-VTEC,2010,80000,Petrol,1800,Automatic,Islamabad,3500000.0
2025-04-03,9809736,Toyota,Yaris Sedan ATIV X CVT 1.5,2021,67000,Petrol,1500,Automatic,Lahore,4590000.0
2025-04-03,9812070,Honda,Civic EXi,2004,114000,Petrol,1500,Manual,Lahore,2275000.0
2025-04-03,9684874,Nissan,Cefiro,2005,60000,Petrol,2400,Automatic,Karachi,4000000.0
2025-04-03,9176388,Hummer,H2 SUT,2007,73000,Petrol,6200,Automatic,Karachi,5146818.677570093
2025-04-03,8798572,Mercedes,Benz GLA Class GLA200,2018,69056,Petrol,1600,Automatic,Karachi,5146818.677570093
2025-04-03,9923301,Suzuki,Alto VXL AGS,2024,17000,Petrol,660,Automatic,Lahore,3120000.0
2025-04-03,9684861,Toyota,Land Cruiser ZX,2015,117000,Petrol,4600,Automatic,Karachi,5146818.677570093
2025-04-03,9532184,BMW,7 Series i7 xDrive60 M Sports,2022,3300,Electric,105,Automatic,Karachi,5146818.677570093
2025-04-03,9060586,Audi,A6 4th (C7) Generation 1.8 TFSI Business Class Edition,2018,56000,Petrol,1800,Automatic,Karachi,5146818.677570093
2025-04-03,9369127,Audi,Q3 Sport 1.4 TFSI,2016,94000,Petrol,1400,Automatic,Karachi,7500000.0
2025-04-03,9923300,Honda,City i-DSI,2004,241000,Petrol,1300,Manual,Islamabad,1820000.0
2025-04-03,9857287,Toyota,Corolla Altis Grande X CVT-i 1.8 Beige Interior,2023,28000,Petrol,1800,Automatic,Karachi,7290000.0
2025-04-03,9617596,Proton,X70 Premium FWD,2022,31000,Petrol,1500,Automatic,Lahore,6650000.0
2025-04-03,9857475,Toyota,Corolla Altis Grande CVT-i 1.8,2020,68000,Petrol,1800,Automatic,Karachi,5800000.0
2025-04-03,9923298,Suzuki,Alto VXR,2011,214268,Petrol,1000,Manual,Islamabad,1300000.0
2025-04-03,9683109,Toyota,Aqua S,2015,83000,Hybrid,1500,Automatic,Rawalpindi,3875000.0
2025-04-03,9923293,Toyota,Corolla GLi 1.3 VVTi,2018,70000,Petrol,1300,Manual,Faisalabad,4650000.0
2025-04-03,9920477,Suzuki,Mehran VXR,2008,90000,Petrol,800,Manual,Lahore,775000.0
2025-04-03,9923295,Chevrolet,Exclusive,2005,1000,Petrol,800,Manual,Vehari,650000.0
2025-04-03,9923294,Suzuki,Baleno JXR,2003,188000,Petrol,1300,Manual,Peshawar,1500000.0
2025-04-03,9800567,Suzuki,Alto VXL AGS,2023,3542,Petrol,660,Automatic,Karachi,2980000.0
2025-04-03,9923291,Suzuki,Cultus Auto Gear Shift,2020,55000,Petrol,1000,Automatic,Rawalpindi,3650000.0
2025-04-03,9757012,Suzuki,Cultus VXL,2018,120000,Petrol,1000,Manual,Lahore,2450000.0
2025-04-03,9923289,Suzuki,Alto VXL AGS,2021,48000,Petrol,660,Automatic,Rawalpindi,2815000.0
2025-04-03,9923288,Honda,Civic VTi Prosmatec 1.8 i-VTEC,2013,180000,Petrol,1800,Automatic,Karachi,2380000.0
2025-04-03,9923286,Suzuki,FX,2025,2000,Petrol,800,Manual,Lahore,200000.0
2025-04-03,9923269,Isuzu,D-Max,2025,110,Diesel,3000,Automatic,Karachi,15500000.0
2025-04-03,9923283,Toyota,Corolla Altis Automatic 1.6,2019,68324,Petrol,1600,Automatic,Karachi,4650000.0
2025-04-03,9923282,Toyota,Corolla GLi 1.3 VVTi,2011,150000,Petrol,1300,Manual,Dadyal Ak,2950000.0
2025-04-03,9923279,Mercedes,Benz C Class C180 Exclusive,2020,30000,Petrol,1600,Automatic,Islamabad,21700000.0
2025-04-03,9923276,Suzuki,Wagon R VXL,2021,59000,Petrol,1000,Manual,Lahore,2850000.0
2025-04-03,9770714,Suzuki,Alto VXR (CNG),2004,126787,CNG,1000,Manual,Mardan,580000.0
2025-04-03,9923275,Suzuki,Bolan VX Euro II,2019,6000,Petrol,800,Manual,Rawalpindi,2100000.0
2025-04-03,9875516,Mitsubishi,Mirage 1.0 S,2017,128000,Petrol,1000,Automatic,Lahore,2650000.0
2025-04-03,9923274,Daihatsu,Mira B,2024,17000,Petrol,660,Automatic,Sargodha,3500000.0
2025-04-03,9923273,Honda,Civic Oriel 1.8 i-VTEC CVT,2019,72003,Petrol,1800,Automatic,Islamabad,4750000.0
2025-04-03,9923272,Suzuki,Mehran VX Euro II,2013,74000,Petrol,800,Manual,Lahore,825000.0
2025-04-03,9923271,Toyota,Prado TX 2.7,2011,136000,Petrol,2700,Automatic,Karachi,13500000.0
2025-04-03,9533473,Suzuki,Liana RXi,2006,200000,Petrol,1300,Manual,Taunsa sharif,950000.0
2025-04-03,9923261,Toyota,C-HR G-LED,2017,65000,Hybrid,1800,Automatic,Lahore,6930000.0
2025-04-03,9514112,Toyota,Vitz,2010,325000,Petrol,1000,Automatic,Islamabad,2400000.0
2025-04-03,9923259,Toyota,Hilux Double Cab,2004,250000,Diesel,3000,Manual,Islamabad,4000000.0
2025-04-03,9923256,Toyota,Corolla 9th (E120) Generation Altis Automatic 1.8,2005,180000,Petrol,1800,Automatic,Karachi,2190000.0
2025-04-03,9819486,Toyota,Corolla 9th (E120) Generation GLi 1.3,2001,100000,Petrol,1300,Manual,Gujranwala,1200000.0
2025-04-03,9923255,Suzuki,Alto VXR,2019,74500,Petrol,660,Manual,D.G.Khan,2000000.0
2025-04-03,9902100,Daihatsu,Move L SA 3,2021,15000,Petrol,658,Automatic,Lahore,3400000.0
2025-04-03,9918624,Toyota,Fortuner Legender,2022,30000,Diesel,2800,Automatic,Mandi bahauddin,17500000.0
2025-04-03,9923248,Honda,Civic Rebirth Oriel Prosmatec UG,2016,120000,Petrol,1800,Automatic,Multan,3779999.0
2025-04-03,9877446,Changan,Alsvin 1.5L DCT Lumiere,2022,44300,Petrol,1500,Automatic,Rawalpindi,3329999.0
2025-04-03,9923247,Suzuki,Cultus VXR,2018,114000,Petrol,1000,Manual,Kabirwala,2340000.0
2025-04-03,9441665,Suzuki,Mehran VX Euro II Limited Edition,2019,97000,Petrol,796,Manual,Abdul Hakeem,1650000.0
2025-04-03,9923244,Suzuki,Mehran VX,1992,150000,Petrol,800,Automatic,Karachi,750000.0
2025-04-03,9908701,Honda,Civic VTi Prosmatec 1.8 i-VTEC,2013,160000,Petrol,1800,Automatic,Rawalpindi,2990000.0
2025-04-03,9923242,Suzuki,Cultus VXRi,2011,75000,Petrol,1000,Manual,Karachi,1150000.0
2025-04-03,9923241,Suzuki,Mehran VX (CNG),2011,135000,Petrol,800,Manual,Rawalpindi,950000.0
2025-04-03,9923240,Suzuki,Alto VXR,2021,70000,Petrol,660,Manual,Jamshoro,2270000.0
2025-04-03,9923239,Suzuki,Cultus,2004,100000,Petrol,1000,Manual,Lahore,535000.0
2025-04-03,9922342,Nissan,March Bolero,2007,125000,Petrol,1200,Automatic,Lahore,1825000.0
2025-04-03,9879454,Toyota,C-HR G-LED,2019,35000,Hybrid,1800,Automatic,Lahore,9200000.0
2025-04-03,9923235,BMW,X1 sDrive18i A/T,2017,125000,Petrol,1500,Automatic,Lahore,6490000.0
2025-04-03,9922577,MG,HS Trophy,2021,57000,Petrol,1500,Automatic,Lahore,6400000.0
2025-04-03,9923234,Honda,Civic EXi,2005,205000,Petrol,1500,Manual,Lahore,1700000.0
2025-04-03,9923233,Toyota,Corolla X 1.5,2003,219000,Petrol,1500,Automatic,Peshawar,3000000.0
2025-04-03,9923231,Toyota,86,1986,200000,CNG,1600,Manual,Swabi,780000.0
2025-04-03,9922834,Toyota,Corolla DX Saloon,1986,12345,Petrol,1300,Manual,Lahore,650000.0
2025-04-03,9923230,Honda,City 5th (GM2) Generation 1.5 i-VTEC,2018,120000,Petrol,1500,Manual,Lahore,3245000.0
2025-04-03,9922964,Toyota,Belta X S Package 1.3,2011,11111,Petrol,1300,Automatic,Bahawalpur,1845000.0
2025-04-03,9923226,Toyota,Fortuner 2.8 Sigma 4,2022,40000,Diesel,2800,Automatic,Lahore,16500000.0
2025-04-03,9923229,Toyota,Corolla Altis Grande CVT-i 1.8,2016,125000,Petrol,1800,Automatic,Lahore,4450000.0
2025-04-03,9923228,Honda,City i-DSI,2007,196000,Petrol,1300,Manual,Faisalabad,2030000.0
2025-04-03,9923227,Suzuki,Mehran VX Euro II Limited Edition,2016,48000,Petrol,796,Manual,Peshawar,1330000.0
2025-04-03,9593220,Toyota,Corolla GLi 1.3 VVTi,2011,122000,Petrol,1300,Manual,Talagang,3250000.0
2025-04-03,9923094,Toyota,Corolla Altis Automatic 1.6,2012,150000,Petrol,1600,Automatic,Multan,3200000.0
2025-04-03,9923225,Nissan,Sunny,1990,390000,Petrol,1300,Manual,Wah cantt,550000.0
2025-04-03,9923194,Mitsubishi,Rvr G,2013,125000,Petrol,1800,Automatic,Lahore,3950000.0
2025-04-03,9922394,Suzuki,Alto VXR,2010,123456,Petrol,1000,Manual,Dinga,1250000.0
2025-04-03,9922423,Suzuki,FX GA,1984,100000,Petrol,800,Manual,Rahim Yar Khan,200000.0
2025-04-03,9922475,Toyota,Corolla 9th (E120) Generation XLi,2007,12345,Petrol,1300,Manual,Rawalpindi,1910000.0
2025-04-03,9641628,Suzuki,Mehran VXR (CNG),2008,88000,Petrol,800,Manual,Lahore,835000.0
2025-04-03,9923215,Toyota,Corolla Altis Grande CVT-i 1.8,2016,107000,Petrol,1800,Automatic,Lahore,4400000.0
2025-04-03,9923221,Suzuki,Alto VXR (CNG),2008,222,CNG,1000,Manual,Islamabad,950000.0
2025-04-03,2280050,Suzuki,Mehran VXR (CNG),1996,100000,Petrol,800,Manual,Multan,450000.0
2025-04-03,9624134,Suzuki,Cultus Limited Edition,2015,350000,Petrol,1000,Manual,Karachi,1550000.0
2025-04-03,9923216,Toyota,Prius G Touring Selection Leather Package 1.5,2007,142000,Hybrid,1500,Automatic,Lahore,2980000.0
2025-04-03,9923217,Nissan,Skyline,2003,110000,Petrol,3500,Automatic,Islamabad,7500000.0
2025-04-03,9682021,Daihatsu,Charade CX,1986,123000,Petrol,1000,Manual,Abbottabad,465000.0
2025-04-03,9923214,Suzuki,Alto VXR,2020,100000,Petrol,660,Manual,Gujranwala,2250000.0
2025-04-03,9769193,Toyota,Land Cruiser 70 series 30th anniversary edition (facelift),1985,222200,Diesel,4000,Manual,Lahore,3600000.0
2025-04-03,9923207,Honda,City 6th Generation 1.5L ASPIRE CVT,2022,7000,Petrol,1500,Automatic,Peshawar,6000000.0
2025-04-03,9919690,Toyota,Prado TX 2.7,2020,29000,Petrol,2700,Automatic,Gujranwala,26500000.0
2025-04-03,9923213,Toyota,Corolla Altis Automatic 1.6,2015,109000,Petrol,1600,Automatic,Lahore,3890000.0
2025-04-03,9923212,Suzuki,Wagon R VXL,2019,68000,Petrol,1000,Manual,Sargodha,2450000.0
2025-04-03,9923211,Toyota,Prado TX L Package 2.7,2012,83000,Petrol,2700,Automatic,Rawalpindi,16600000.0
2025-04-03,9923209,Toyota,Corolla GLi 1.3 VVTi,2011,117000,Petrol,1300,Manual,Layyah,2535000.0
2025-04-03,9526274,Suzuki,Alto,2002,300000,Petrol,660,Automatic,Islamabad,1300000.0
2025-04-03,9923206,Honda,City 1.3 i-VTEC Prosmatec,2017,75000,Petrol,1300,Automatic,Lahore,3650000.0
2025-04-03,9923204,Honda,Vezel Hybrid Z,2013,70000,Hybrid,1500,Automatic,Gujranwala,4050000.0
2025-04-03,9923203,Suzuki,Swift DLX Automatic 1.3 Navigation,2018,77000,Petrol,1300,Automatic,Faisalabad,3000000.0
2025-04-03,9923202,Toyota,Corolla Altis Automatic 1.6,2017,92000,Petrol,1600,Automatic,Lahore,4430000.0
2025-04-03,9923201,Toyota,Hilux Vigo Champ GX,2013,12000,Diesel,2500,Manual,Jacobabad,12000000.0
2025-04-03,9923200,Toyota,Yaris Sedan ATIV MT 1.3,2021,28000,Petrol,1300,Manual,Lahore,4550000.0
2025-04-03,9923198,Suzuki,Alto VXR,2023,10000,Petrol,660,Manual,Multan,2700000.0
2025-04-03,9923197,Suzuki,Swift DLX 1.3,2012,85000,Petrol,1300,Manual,Karachi,1750000.0
2025-04-03,9923193,Suzuki,Baleno GLi P,1999,100004,Petrol,1300,Manual,Attock,1030000.0
2025-04-03,9806171,Daihatsu,Mira X SA lll,2021,23201,Petrol,660,Automatic,Karachi,3500000.0
2025-04-03,9911466,Honda,Civic Turbo 1.5 VTEC CVT,2017,150000,Petrol,1500,Automatic,Lahore,5125000.0
2025-04-03,9923188,Daihatsu,Mira ES,2015,75000,Petrol,660,Automatic,Lahore,2555000.0
2025-04-03,9320006,Honda,Civic EXi,2005,230000,Petrol,1500,Manual,Shorkot,1300000.0
2025-04-03,9923186,Toyota,Corolla GLi 1.3 VVTi,2014,242000,Petrol,1300,Manual,Faisalabad,3100000.0
2025-04-03,9923185,Suzuki,FX GA,1985,18,CNG,800,Manual,Peshawar,280000.0
2025-04-03,9923183,Honda,City 5th (GM2) Generation 1.3 i-VTEC,2013,127000,Petrol,1300,Manual,Rahim Yar Khan,2550000.0
2025-04-03,9923181,Honda,Insight G,2010,200000,Hybrid,1300,Automatic,Rawalpindi,2950000.0
2025-04-03,9923179,Suzuki,Cultus VXR,2003,40000,Petrol,1000,Manual,Quetta,730000.0
2025-04-03,9359790,Honda,Civic VTi Automatic 1.6,2000,288000,Petrol,1600,Automatic,Wah cantt,1350000.0
2025-04-03,9923177,Daihatsu,Charade,1984,200000,Petrol,1000,Manual,Lahore,295000.0
2025-04-03,9923176,Suzuki,Alto Lapin TL,2014,100000,Petrol,660,Automatic,Islamabad,2100000.0
2025-04-03,9923172,Suzuki,Cultus VXR,2006,15,Petrol,1000,Manual,Islamabad,840000.0
2025-04-03,9923174,Suzuki,Mehran VXR (CNG),2012,70000,CNG,800,Manual,Karachi,745000.0
2025-04-03,9923171,Honda,Civic Oriel Prosmatec UG,2015,105000,Petrol,1800,Automatic,Sargodha,3979999.0
2025-04-03,9923170,Honda,Accord CL9,2006,100000,Petrol,2400,Automatic,Lahore,4500000.0
2025-04-03,9923169,Suzuki,Cultus VXR,2018,109000,Petrol,1000,Manual,Gujranwala,3000000.0
2025-04-03,9923168,Toyota,Corolla Altis Grande X CVT-i 1.8 Beige Interior,2021,47000,Petrol,1800,Automatic,Wah cantt,6350000.0
2025-04-03,9923164,Changan,Alsvin 1.5L DCT Comfort,2021,34500,Petrol,1500,Automatic,Bahawalpur,3300000.0
2025-04-03,9923163,Daihatsu,Mira,2023,130000,Petrol,660,Automatic,Peshawar,3600000.0
2025-04-03,9923162,Suzuki,Alto VXL AGS,2022,36000,Petrol,660,Automatic,Lahore,2900000.0
2025-04-03,9923155,Toyota,Hilux Revo V Automatic 2.8,2022,55000,Diesel,2800,Automatic,Multan,13300000.0
2025-04-03,9923161,Suzuki,Cultus VXRi (CNG),2011,48000,Petrol,1000,Manual,Multan,1520000.0
2025-04-03,9923160,Toyota,Corolla GLi 1.3 VVTi,2014,73000,Petrol,1300,Manual,Pindi Bhattian,3350000.0
2025-04-03,9923159,Honda,BR-V i-VTEC,2020,29000,Petrol,1500,Automatic,Lahore,5250000.0
2025-04-03,9923158,Honda,Civic Rebirth VTi Oriel Prosmatec 1.8 i-VTEC,2016,127000,Petrol,1800,Automatic,Peshawar,4150000.0
2025-04-03,9923149,Suzuki,Wagon R VXR,2019,102000,Petrol,1000,Manual,Lahore,2240000.0
2025-04-03,9923156,Nissan,Dayz Roox X V Selection,2015,112356,Petrol,660,Automatic,Peshawar,2300000.0
2025-04-03,9688053,Toyota,Hiace GL,2022,51000,Petrol,2700,Automatic,Karachi,5146818.677570093
2025-04-03,9900456,Suzuki,Cultus Limited Edition,2017,75000,Petrol,1000,Manual,Karachi,1600000.0
2025-04-03,9923154,Changan,Oshan X7 Comfort,2022,31000,Petrol,1500,Automatic,Islamabad,7700000.0
2025-04-03,9923151,Honda,Civic 7th Generation (Facelift) EXi,2004,250000,Petrol,1500,Manual,Islamabad,1720000.0
2025-04-03,9922845,Honda,Civic,2018,150000,Petrol,1800,Automatic,Karachi,4900000.0
2025-04-03,9923147,Honda,City 5th (GM2) Generation 1.3 i-VTEC,2013,66000,Petrol,1300,Manual,Abbottabad,3290000.0
2025-04-03,9923146,Honda,Civic Oriel Prosmatec UG,2014,140000,Petrol,1800,Automatic,Lahore,3425000.0
2025-04-03,9923144,Nissan,Note e-Power S,2022,33000,Petrol,1200,Automatic,Karachi,5500000.0
2025-04-03,9222490,Honda,Civic 1.8 i-VTEC CVT,2018,75000,Petrol,1800,Automatic,Islamabad,5290000.0
2025-04-03,9918466,Honda,City 5th (GM2) Generation Aspire 1.5 i-VTEC,2018,66000,Petrol,1500,Manual,Rawalpindi,3700000.0
2025-04-03,9923140,Suzuki,Mehran VXR Euro II,2013,69000,Petrol,800,Manual,Kasur,980000.0
2025-04-03,9923139,Honda,City 5th (GM2) Generation 1.3 i-VTEC,2017,109366,Petrol,1300,Manual,Lahore,3300000.0
2025-04-03,9923138,Toyota,Prius S 1.8,2012,2016,Hybrid,1800,Automatic,Karachi,3550000.0
2025-04-03,9923137,Suzuki,Alto VXL AGS,2019,85000,Petrol,660,Automatic,Karachi,2430000.0
2025-04-03,9677622,Daihatsu,Hijet,2020,120000,Petrol,660,Manual,Multan,2345000.0
2025-04-03,9923127,Suzuki,Swift DLX 1.3,2010,178000,Petrol,1300,Manual,Sargodha,1750000.0
2025-04-03,9923136,Suzuki,Cultus VXLi (CNG),2008,35000,Petrol,1000,Manual,Lahore,1050000.0
2025-04-03,9923132,Honda,City 5th (GM2) Generation Aspire Prosmatec 1.3 i-VTEC,2015,131000,Petrol,1300,Automatic,Lala musa,3000000.0
2025-04-03,9923131,Suzuki,Bolan VX (CNG),2012,1,CNG,800,Manual,Attock,1175000.0
2025-04-03,9923130,Suzuki,Cultus VXR,2021,88000,Petrol,1000,Manual,Islamabad,3200000.0
2025-04-03,9923129,Toyota,Corolla GLi Automatic 1.6 VVTi,2012,84100,Petrol,1600,Automatic,Gujrat,3500000.0
2025-04-03,9747516,Suzuki,Mehran VX Euro II,2017,1235,Petrol,800,Manual,Mansehra,1400000.0
2025-04-03,9884610,Haval,H6 HEV,2024,4000,Hybrid,1500,Automatic,Gujranwala,12400000.0
2025-04-03,9923126,Honda,N Box,2012,90000,Petrol,660,Automatic,Pattoki,2100000.0
2025-04-03,9923124,Suzuki,Mehran VX,1998,300000,Petrol,800,Manual,Gujar Khan,340000.0
2025-04-03,9923123,Nissan,Pino S,2007,70000,Petrol,660,Automatic,Islamabad,1650000.0
2025-04-03,9907278,MG,HS Trophy,2021,49500,Petrol,1500,Automatic,Rawalpindi,6395000.0
2025-04-03,9904834,Toyota,Vitz F M Package 1.0,2015,129000,Petrol,1000,Automatic,Islamabad,3495000.0
2025-04-03,9923122,Suzuki,Cultus VXR,2006,75000,Petrol,1000,Manual,Lahore,850000.0
2025-04-03,9922108,Haval,H6 HEV,2025,8000,Hybrid,1500,Automatic,Islamabad,12800000.0
2025-04-03,9799048,Toyota,Vitz F 1.0,2007,86000,Petrol,1000,Automatic,Karachi,2050000.0
2025-04-03,9923120,Toyota,Corolla Altis Grande CVT-i 1.8,2020,45613,Petrol,1800,Automatic,Islamabad,4850000.0
2025-04-03,9882651,Toyota,Corolla SE Saloon Automatic,2004,250000,Petrol,1600,Automatic,Chakwal,2500000.0
2025-04-03,9834955,Suzuki,Mehran VXR Euro II,2019,96312,Petrol,800,Manual,Swabi,1360000.0
2025-04-03,9923106,Hyundai,Santro Club,2006,128000,Petrol,1000,Manual,Faisalabad,110000.0
2025-04-03,9897435,Honda,Civic 6th Generation VTi 1.6,1998,200000,Petrol,1600,Manual,Lahore,1190000.0
2025-04-03,9923119,Daihatsu,Move X SA 2,2022,34500,Petrol,658,Automatic,Gujranwala,3700000.0
2025-04-03,9923110,Honda,City 6th Generation 1.5L CVT,2021,18000,Petrol,1500,Automatic,Karachi,4750000.0
2025-04-03,9712028,Chery,Tiggo 4 Pro DEX Plus 1.5T,2022,17500,Petrol,1498,Automatic,Karachi,5500000.0
2025-04-03,9923114,Toyota,Corolla Altis Automatic 1.6,2015,124000,Petrol,1600,Automatic,Gujranwala,3650000.0
2025-04-03,9923117,Daihatsu,Mira L,2019,47600,Petrol,660,Automatic,Karachi,3050000.0
2025-04-03,9731789,Mercedes,Benz S Class S500,2008,156000,Petrol,5500,Automatic,Peshawar,13200000.0
2025-04-03,9923113,Honda,City 5th (GM2) Generation 1.3 i-VTEC,2016,125000,Petrol,1300,Manual,Faisalabad,3190000.0
2025-04-03,9923112,Suzuki,Alto VXR,2022,34000,Petrol,660,Manual,Karachi,2290000.0
2025-04-03,9807433,Honda,City 5th (GM2) Generation 1.3 i-VTEC Prosmatec,2018,125000,Petrol,1300,Automatic,Karachi,3400000.0
2025-04-03,9923101,Honda,City i-DSI,2006,215000,Petrol,1300,Manual,Sheikhupura,1800000.0
2025-04-03,9923104,Toyota,Passo X,2020,33000,Petrol,1000,Automatic,Karachi,4150000.0
2025-04-03,9923103,Toyota,Corolla,2000,125000,Petrol,1600,Manual,Islamabad,1450000.0
2025-04-03,9923102,Suzuki,Cultus VXR,2001,351480,Petrol,1000,Manual,Karachi,710000.0
2025-04-03,9923100,Suzuki,Alto X,2014,107227,Petrol,660,Automatic,Peshawar,2785000.0
2025-04-03,9923099,Toyota,Mark X 250G F Package Smart Edition,2006,124641,Petrol,2500,Automatic,Mansehra,4650000.0
2025-04-03,9917432,Honda,Civic Reborn VTi Oriel Prosmatec 1.8 i-VTEC,2011,169300,Petrol,1800,Automatic,Islamabad,3075000.0
2025-04-03,9923097,Toyota,Corolla GLi 1.3 VVTi,2016,98500,Petrol,1300,Manual,Islamabad,4100000.0
2025-04-03,9923091,Honda,Civic 7th Generation (Facelift) VTi Oriel UG 1.6,2005,185000,Petrol,1600,Manual,Lahore,1750000.0
2025-04-03,9923092,Proton,Saga 1.3L Ace A/T,2022,46000,Petrol,1299,Automatic,Lahore,3400000.0
2025-04-03,9923088,Suzuki,Mehran,2003,170000,Petrol,800,Manual,Multan,630000.0
2025-04-03,9923087,Toyota,Corolla Altis Automatic 1.6,2018,75500,Petrol,1600,Automatic,Lahore,4675000.0
2025-04-03,9920636,Honda,City 6th Generation 1.2L CVT,2024,6500,Petrol,1200,Automatic,Islamabad,5050000.0
2025-04-03,9923085,Honda,Civic 7th Generation (Facelift) EXi,2005,136000,Petrol,1500,Manual,Rawalpindi,1600000.0
2025-04-03,9923084,Suzuki,Alto VXR,2019,80000,Petrol,660,Manual,Karachi,2125000.0
2025-04-03,9923083,Honda,City 5th (GM2) Generation 1.3 i-VTEC,2011,180000,Petrol,1300,Manual,Karachi,2240000.0
2025-04-03,9923082,Suzuki,Mehran VXR Euro II,2018,25500,Petrol,796,Manual,Wazirabad,1650000.0
2025-04-03,9805326,Suzuki,Mehran VXR Euro II,2017,86000,Petrol,800,Manual,Rajanpur,1500000.0
2025-04-03,9814856,Honda,City VTEC Steermatic,2007,110000,Petrol,1500,Automatic,Toba Tek Singh,2300000.0
2025-04-03,9923078,Suzuki,Every Wagon PZ Turbo Special,2013,84050,Petrol,660,Automatic,Karachi,2370000.0
2025-04-03,9923077,Suzuki,Alto VXL AGS,2022,93000,Petrol,660,Automatic,Rawalpindi,2795000.0
2025-04-03,9923071,Honda,Civic 6th Generation VTi Automatic 1.6,1997,195000,Petrol,1600,Automatic,Mardan,1280000.0
2025-04-03,9923075,Honda,Civic,2016,136000,Petrol,1800,Automatic,Jhang,4280000.0
2025-04-03,9530247,Toyota,C-HR G-LED,2018,69000,Hybrid,1800,Automatic,Faisalabad,8200000.0
2025-04-03,9923074,Suzuki,Alto VXR,2010,199422,Petrol,1000,Manual,Wah cantt,1250000.0
2025-04-03,9923073,Toyota,Corolla 9th (E120) Generation XLi,2007,200000,Petrol,1300,Manual,Charsadda,1500000.0
2025-04-03,9820988,Mitsubishi,Mirage 1.0 G,2012,118000,Petrol,1000,Automatic,Lahore,2280000.0
2025-04-03,9923070,Suzuki,Khyber GA,1992,400000,Petrol,1000,Manual,Lahore,520000.0
2025-04-03,9923069,Nissan,Sunny,1996,100000,Petrol,1300,Manual,Lahore,360000.0
2025-04-03,9923068,Honda,City 5th (GM2) Generation Aspire 1.5 i-VTEC,2016,152000,Petrol,1500,Manual,Gujrat,3495000.0
2025-04-03,9697008,Suzuki,Mehran VXR Euro II,2018,53000,Petrol,800,Manual,Faisalabad,1320000.0
2025-04-03,9795178,Land,Rover Defender,1989,132586,Petrol,4000,Automatic,Lahore,5200000.0
2025-04-03,9923041,Toyota,Hilux Revo V Automatic 3.0,2017,154000,Diesel,3000,Automatic,Karachi,8700000.0
2025-04-03,9923066,Daihatsu,Cuore CL,2002,75000,Petrol,800,Manual,Rawalpindi,860000.0
2025-04-03,9923065,Suzuki,Bolan VX Euro II,2014,13500,Petrol,800,Manual,Lahore,1025000.0
2025-04-03,9923063,Hyundai,Tucson AWD A/T Ultimate,2021,61633,Petrol,2000,Automatic,Lahore,7500000.0
2025-04-03,9923062,Mazda,Carol GS,2014,11330,Petrol,660,Automatic,Vehari,2300000.0
2025-04-03,9870515,Suzuki,Potohar,1988,100000,Petrol,1300,Manual,Sheikhupura,1450000.0
2025-04-03,9923061,Honda,City 5th (GM2) Generation Aspire Prosmatec 1.5 i-VTEC,2021,48000,Petrol,1500,Automatic,Sialkot,465000.0
2025-04-03,9923057,Daihatsu,Mira L SA,2017,75000,Petrol,660,Automatic,Islamabad,2480000.0
2025-04-03,9923059,Honda,City Aspire Prosmatec 1.5 i-VTEC,2019,93000,Petrol,1500,Automatic,Islamabad,3925000.0
2025-04-03,9923060,Honda,Civic,2014,114000,Petrol,1800,Automatic,Lahore,2850000.0
2025-04-03,9723541,Honda,Vezel Hybrid Z Honda Sensing,2017,87000,Hybrid,1500,Automatic,Peshawar,6350000.0
2025-04-03,9923056,Toyota,Corolla GLi 1.3 VVTi,2009,149800,Petrol,1300,Manual,Lahore,2435000.0
2025-04-03,9760003,Suzuki,Cultus EURO II,2017,86013,Petrol,1000,Manual,Islamabad,1680000.0
2025-04-03,9923053,Suzuki,Swift DLX 1.3,2011,100000,Petrol,1300,Manual,Mian Wali,1870000.0
2025-04-03,9923052,Daihatsu,Cuore,2002,88000,Petrol,800,Manual,Islamabad,575000.0
2025-04-03,9923050,Mitsubishi,Minicab G,2011,1000,Petrol,660,Automatic,Karachi,1000000.0
2025-04-03,8477738,Toyota,Land Cruiser ZX,2019,66000,Petrol,4600,Automatic,Islamabad,5146818.677570093
2025-04-03,8505289,Toyota,Land Cruiser ZX,2019,44000,Petrol,4600,Automatic,Islamabad,5146818.677570093
2025-04-03,8877838,Toyota,Land Cruiser ZX,2018,75023,Petrol,4600,Automatic,Islamabad,5146818.677570093
2025-04-03,9487111,Toyota,Land Cruiser AX,2017,108000,Petrol,4600,Automatic,Islamabad,5146818.677570093
2025-04-03,9923047,Suzuki,Mehran VXR,2010,700000,Petrol,800,Manual,Sialkot,775000.0
2025-04-03,9923046,Suzuki,Alto VXR,2022,105000,Petrol,660,Manual,Islamabad,2450000.0
2025-04-03,9923043,Suzuki,Cultus VXR,2004,80000,Petrol,1000,Manual,Swabi,894999.0
2025-04-03,9818374,Honda,City 5th (GM2) Generation Aspire 1.3 i-VTEC,2016,63500,Petrol,1300,Manual,Karachi,3150000.0
2025-04-03,9923045,Toyota,Vitz F 1.3,2006,20100,Petrol,1300,Automatic,Islamabad,2500000.0
2025-04-03,9779509,Suzuki,Mehran VX Euro II,2018,70000,Petrol,800,Manual,Lahore,1420000.0
2025-04-03,9923040,Daihatsu,Move Custom X VS Smart Selection,2016,125000,Petrol,658,Automatic,Islamabad,2775000.0
2025-04-03,9923038,Toyota,Platz,2004,177000,Petrol,1000,Automatic,Karachi,1535000.0
2025-04-03,9923039,Suzuki,Bolan VX Euro II,2014,65000,Petrol,800,Manual,Multan,1080000.0
2025-04-03,9923037,Mitsubishi,Ek Wagon E e-Assist,2014,95000,Petrol,660,Automatic,Mian Wali,2200000.0
2025-04-03,9923030,Toyota,Corolla Altis Automatic 1.6,2018,47999,Petrol,1600,Automatic,Karachi,4490000.0
2025-04-03,9846485,Toyota,Corolla XLi VVTi,2020,87648,Petrol,1300,Manual,Faisalabad,4350000.0
2025-04-03,9922921,Daihatsu,Cuore CX Eco,2008,118000,Petrol,800,Manual,Multan,1260000.0
2025-04-03,9923034,Toyota,Corolla GLi 1.3 VVTi,2012,150000,Petrol,1300,Manual,Sargodha,2750000.0
2025-04-03,9922743,Toyota,Corolla Altis Automatic 1.6,2018,75000,Petrol,1600,Automatic,Karachi,4400000.0
2025-04-03,9923028,JAC,T9 Hunter,2025,10,Diesel,2000,Automatic,Lahore,12300000.0
2025-04-03,9850087,Haval,Jolion HEV,2024,3728,Hybrid,1500,Automatic,Faisalabad,9400000.0
2025-04-03,9922972,Toyota,Land Cruiser 6th (J100) Generation Cygnus,1999,205000,Petrol,4700,Automatic,Peshawar,7500000.0
2025-04-03,9906537,Suzuki,Khyber,1998,10000,LPG,1000,Manual,Karachi,350000.0
2025-04-03,9923027,Toyota,Corolla Altis Automatic 1.6,2016,70000,Petrol,1600,Automatic,Karachi,3800000.0
2025-04-03,9923024,Suzuki,Alto,2005,137000,Petrol,600,Manual,Karachi,650000.0
2025-04-03,9923025,Toyota,Raize Z,2020,54000,Petrol,1000,Automatic,Shakargarh,5350000.0
2025-04-03,9923023,Honda,City VTEC Steermatic,2007,130000,Petrol,1500,Automatic,Kasur,1975000.0
2025-04-03,9902443,Toyota,Prado TX Limited 2.7,2012,71000,Petrol,2700,Automatic,Lahore,17000000.0
2025-04-03,9816221,Toyota,Prius S 1.8,2011,106755,Hybrid,1800,Automatic,Karachi,4100000.0
2025-04-03,9923022,Suzuki,Liana RXi,2006,1133,Petrol,1300,Manual,Islamabad,1370000.0
2025-04-03,9923021,KIA,Sportage 2.0 LX 4x4,2004,200000,Diesel,2000,Automatic,Islamabad,1850000.0
2025-04-03,9922842,Honda,Civic 6th Generation EXi,1997,100000,Petrol,1500,Manual,Peshawar,1385000.0
2025-04-03,9923020,Suzuki,Wagon R VXL,2018,114000,Petrol,1000,Manual,Gujranwala,2150000.0
2025-04-03,9923019,Honda,BR-V i-VTEC S,2017,140000,Petrol,1500,Automatic,Sheikhupura,3600000.0
2025-04-03,9923018,Toyota,Corolla XLi VVTi,2009,124000,Petrol,1300,Manual,Mirpur A.K.,2300000.0
2025-04-03,9923013,Honda,City 5th (GM2) Generation 1.3 i-VTEC,2013,148000,Petrol,1300,Manual,Faisalabad,2600000.0
2025-04-03,9923011,Toyota,Passo G 1.0,2007,242000,Petrol,1000,Automatic,Islamabad,2100000.0
2025-04-03,9923009,Toyota,Camry XV50 Hybrid,2012,115000,Hybrid,2500,Automatic,Islamabad,7450000.0
2025-04-03,9923010,Suzuki,Alto VXR,2023,460,Petrol,660,Manual,Gujranwala,1825000.0
2025-04-03,9923007,Toyota,Corolla,2007,78000,Petrol,1500,Automatic,Abbottabad,3150000.0
2025-04-03,9923005,Toyota,Corolla Axio X 1.5,2007,195000,Petrol,1500,Automatic,Peshawar,3950000.0
2025-04-03,9923004,Suzuki,Alto VXR,2021,49000,Petrol,660,Manual,Lahore,2335000.0
2025-04-03,9923003,Suzuki,Alto VXR,2021,22,Petrol,660,Manual,Chakwal,2200000.0
2025-04-03,9923001,Honda,Civic Rebirth VTi Oriel Prosmatec 1.8 i-VTEC,2013,160000,Petrol,1800,Automatic,Sialkot,4500000.0
2025-04-03,9759015,Toyota,Corolla GLi 1.3 VVTi,2018,109000,Petrol,1300,Manual,Jacobabad,4200000.0
2025-04-03,9923000,Honda,Fit,2011,150000,Hybrid,1300,Automatic,Multan,2850000.0
2025-04-03,9903043,Hyundai,Santro Club,2004,125000,Petrol,1000,Manual,Lahore,940000.0
2025-04-03,9922999,Toyota,Corolla Altis X Manual 1.6,2021,37000,Petrol,1600,Manual,Sialkot,6000000.0
2025-04-03,9922998,Honda,Civic Turbo 1.5 VTEC CVT,2016,102000,Petrol,1500,Automatic,Mardan,5250000.0
2025-04-03,9922997,Hyundai,Santro Club,2006,132337,Petrol,1000,Manual,Mian Channu,980000.0
2025-04-03,9877392,Suzuki,Alto G4,2013,99800,Petrol,660,Automatic,Karachi,2250000.0
2025-04-03,9907566,Suzuki,Wagon R VXR,2021,44500,Petrol,1000,Manual,Lahore,2625000.0
2025-04-03,9922995,Changan,Karvaan Plus,2021,37000,Petrol,1000,Manual,Larkana,2400000.0
2025-04-03,9922993,Honda,City EXi,1998,100000,Petrol,1300,Manual,Karachi,700000.0
2025-04-03,9922988,Honda,City VTEC Steermatic,2007,177000,Petrol,1500,Automatic,Sheikhupura,2175000.0
2025-04-03,9922987,Toyota,Corolla,2021,60000,Petrol,1300,Automatic,Lahore,5300000.0
2025-04-03,9873985,Toyota,Raize Z,2020,56000,Petrol,1000,Automatic,Lahore,6275000.0
2025-04-03,9922986,Honda,City i-DSI,2008,110000,Petrol,1300,Manual,Islamabad,2450000.0
2025-04-03,9922985,Suzuki,Ravi Euro II,2015,68000,Petrol,800,Manual,Gujrat,900000.0
2025-04-03,9922981,Suzuki,Khyber GA,1994,100000,Petrol,1000,Manual,Karachi,470000.0
2025-04-03,9856787,Daihatsu,Mira G SA,2014,180872,Petrol,660,Automatic,Karachi,2750000.0
2025-04-03,9922977,Honda,Vamos M STYLISH PACKAGE,2011,48000,Petrol,660,Automatic,Karachi,1800000.0
2025-04-03,9922974,Toyota,Prius S,2016,200000,Hybrid,1800,Automatic,Bhakkar,6800000.0
2025-04-03,9875977,Suzuki,Wagon R,2000,197956,Petrol,660,Automatic,Rawalpindi,1250000.0
2025-04-03,9922971,Suzuki,Cultus EURO II,2013,180000,Petrol,1000,Manual,Lahore,1500000.0
2025-04-03,9922973,Suzuki,Margalla GL,1993,183000,Petrol,1300,Manual,Rawalpindi,610000.0
2025-04-03,9757852,Suzuki,Cultus VXRi,2012,33000,Petrol,1000,Manual,Abbottabad,1540000.0
2025-04-03,9922970,Suzuki,Mehran VXR Euro II,2016,96000,Petrol,800,Manual,Islamabad,1270000.0
2025-04-03,9801088,Toyota,Prius G Touring Selection 1.8,2011,157000,Hybrid,1800,Automatic,Karachi,4600000.0
2025-04-03,9922929,Toyota,Premio X EX Package 1.8,2007,41470,Petrol,1800,Automatic,Swat,5850000.0
2025-04-03,9808340,Suzuki,Cultus VXRi (CNG),2008,10739,Petrol,1000,Manual,Faisalabad,1200000.0
2025-04-03,9648393,Nissan,Sakura X,2022,13500,Electric,20,Automatic,Lahore,4500000.0
2025-04-03,9922968,Suzuki,Cultus EURO II,2014,130000,Petrol,1000,Manual,Lahore,1600000.0
2025-04-03,9922962,Mitsubishi,Pajero,1987,100000,Diesel,2400,Automatic,Karachi,1800000.0
2025-04-03,9922967,Honda,City 1.3 i-VTEC,2017,76500,Petrol,1300,Manual,Nankana sahib,3360000.0
2025-04-03,9904608,Nissan,Dayz S,2021,59000,Petrol,660,Automatic,Lahore,3490000.0
2025-04-03,9922933,Honda,Civic,2018,71000,Petrol,1000,Automatic,Peshawar,5550000.0
2025-04-03,9922963,Suzuki,Cultus VXLi,2008,650000,Petrol,1000,Manual,Karachi,1050000.0
2025-04-03,9922961,Toyota,Corolla 9th (E120) Generation Altis Automatic 1.8,2005,300000,Petrol,1800,Automatic,Abbottabad,2050000.0
2025-04-03,9922960,Honda,City,2005,202477,Petrol,1300,Manual,Faisalabad,1350000.0
2025-04-03,9905222,Honda,City Aspire 1.3 i-VTEC,2016,54000,Petrol,1300,Manual,Rawalpindi,3350000.0
2025-04-03,9922958,Suzuki,Wagon R Hybrid FZ,2019,70000,Hybrid,660,Automatic,Peshawar,3420000.0
2025-04-03,9922753,Suzuki,Alto VXR,2012,1234,Petrol,1000,Manual,Gujrat,1290000.0
2025-04-03,9740048,KIA,Sportage AWD,2020,70000,Petrol,2000,Automatic,Burewala,6650000.0
2025-04-03,9867704,Honda,Civic VTi Oriel Prosmatec 1.8 i-VTEC,2015,77000,Petrol,1800,Automatic,Lahore,4050000.0
2025-04-03,9706790,Toyota,Prius S Touring Selection,2016,100910,Hybrid,1800,Automatic,Peshawar,6450000.0
2025-04-03,9869479,Toyota,Aqua S,2017,88000,Hybrid,1500,Automatic,Lahore,4200000.0
2025-04-03,9785064,Toyota,Vitz F 1.0,2018,75048,Petrol,996,Automatic,Multan,4000000.0
2025-04-03,9593822,Honda,Civic Oriel,2023,22000,Petrol,1500,Automatic,Burewala,8100000.0
2025-04-03,9922956,Suzuki,Swift DLX 1.3,2013,81000,Petrol,1300,Manual,Lahore,2200000.0
2025-04-03,9594324,Toyota,Hilux Revo GR-S,2025,10,Diesel,2800,Automatic,Lahore,17400000.0
2025-04-03,9587485,Haval,H6 HEV,2025,10,Hybrid,1500,Automatic,Lahore,12400000.0
2025-04-03,9587513,Haval,H6 HEV,2025,10,Hybrid,1500,Automatic,Lahore,12400000.0
2025-04-03,9782755,Toyota,Yaris Sedan ATIV CVT 1.3,2020,60170,Petrol,1300,Automatic,Multan,4200000.0
2025-04-03,9922955,Suzuki,Cultus VXR,2006,100000,Petrol,1000,Manual,Quetta,720000.0
2025-04-03,9784035,Toyota,Belta G 1.3,2007,194673,Petrol,1300,Automatic,Multan,2250000.0
2025-04-03,9594419,Toyota,Corolla Altis 1.6 X CVT-i,2025,10,Petrol,1600,Automatic,Lahore,6925000.0
2025-04-03,9922953,Suzuki,Alto VXR,2021,39000,Petrol,660,Manual,Lahore,2525000.0
2025-04-03,9788602,Honda,Vezel Hybrid Z,2014,232364,Hybrid,1500,Automatic,Multan,4200000.0
2025-04-03,9866380,Toyota,Corolla GLi 1.3 VVTi,2011,117000,Petrol,1300,Manual,Karachi,2345000.0
2025-04-03,9908797,Suzuki,Every Join Turbo,2019,128000,Petrol,660,Automatic,Gujranwala,5146818.677570093
2025-04-03,9919024,Suzuki,Every Wagon PZ Turbo Special,2019,113000,Petrol,660,Automatic,Gujranwala,5146818.677570093
2025-04-03,9816162,Daihatsu,Move Latte COOL TURBO,2007,144174,Petrol,659,Automatic,Karachi,1400000.0
2025-04-03,9919020,Suzuki,Every Join,2019,80000,Petrol,660,Automatic,Gujranwala,5146818.677570093
2025-04-03,9838628,Toyota,Aqua GS,2014,108658,Hybrid,1500,Automatic,Multan,4200000.0
2025-04-03,9922954,Toyota,Corolla GLi 1.3 VVTi,2015,78000,Petrol,1300,Manual,Multan,3450000.0
2025-04-03,9922952,Suzuki,Alto VXR,2006,343347,Petrol,1000,Manual,Karachi,780000.0
2025-04-03,9922951,Suzuki,Cultus EURO II,2014,120000,Petrol,1000,Manual,Lahore,1575000.0
2025-04-03,9903249,Toyota,Raize Z,2020,49000,Petrol,1000,Automatic,Islamabad,6250000.0
2025-04-03,9922950,Honda,Civic Oriel 1.8 i-VTEC CVT,2017,72000,Petrol,1800,Automatic,Lahore,5000000.0
2025-04-03,9922938,Honda,Vezel Hybrid Z Honda Sensing,2019,16000,Hybrid,1500,Automatic,Karachi,8200000.0
2025-04-03,9916150,Mitsubishi,I Roar Complete Vivace,2006,115132,Petrol,660,Automatic,Multan,1500000.0
2025-04-03,9922948,Honda,City 5th (GM2) Generation 1.3 i-VTEC,2020,118836,Petrol,1300,Manual,Islamabad,3900000.0
2025-04-03,9922946,Toyota,Vitz iLL 1.0,2005,158,Petrol,1000,Automatic,Rawalpindi,2200000.0
2025-04-03,9904005,Suzuki,Vitara GLX 1.6,2017,62362,Petrol,1600,Automatic,Multan,4100000.0
2025-04-03,9922943,Mitsubishi,Lancer 1.5L Automatic,2006,200000,Petrol,1500,Automatic,Pattoki,1800000.0
2025-04-03,9904519,MG,HS Trophy,2022,8612,Petrol,1500,Automatic,Multan,6750000.0
2025-04-03,9922944,Suzuki,Cultus VXRi,2008,299999,Petrol,1000,Manual,Karachi,1019999.0
2025-04-03,9922945,Suzuki,Mehran VXR (CNG),1991,100000,Petrol,800,Manual,Lahore,390000.0
2025-04-03,9922942,Suzuki,Bolan GL,2008,10,Petrol,800,Manual,Sialkot,1050000.0
2025-04-03,9922941,KIA,Sorento 3.5 FWD,2023,18000,Petrol,3500,Automatic,Karachi,9700000.0
2025-04-03,9857388,Honda,Civic Oriel 1.8 i-VTEC CVT,2021,69219,Petrol,1800,Automatic,Islamabad,6550000.0
2025-04-03,9756209,Toyota,Prius S LED Edition 1.8,2014,150310,Hybrid,1800,Automatic,Lahore,4900000.0
2025-04-03,9922939,Suzuki,Ravi,2011,100000,CNG,660,Manual,Haripur,1125000.0
2025-04-03,9824006,Toyota,Prius L 1.8,2014,353000,Hybrid,1800,Automatic,Islamabad,3979999.0
2025-04-03,9887751,Hyundai,Tucson FWD A/T GLS Sport,2021,99395,Petrol,2000,Automatic,Multan,6800000.0
2025-04-03,9922927,Toyota,Hilux Vigo Champ G,2012,300000,Diesel,2500,Automatic,Islamabad,4950000.0
2025-04-03,9885839,Honda,Civic 11th Generation RS,2024,12462,Petrol,1500,Automatic,Multan,9600000.0
2025-04-03,9922926,Honda,City 5th (GM2) Generation Aspire Prosmatec 1.5 i-VTEC,2020,36000,Petrol,1500,Automatic,Peshawar,4500000.0
2025-04-03,9919013,Suzuki,Every Wagon PZ Turbo Special,2019,75000,Petrol,660,Automatic,Gujranwala,3600000.0
2025-04-03,9911490,Toyota,Fortuner 2.7 VVTi,2017,75600,Petrol,2700,Automatic,Islamabad,11800000.0
2025-04-03,9879999,Honda,Civic Oriel 1.8 i-VTEC CVT,2017,78000,Petrol,1800,Automatic,Islamabad,5350000.0
2025-04-03,9653975,Toyota,Aqua Z,2021,106000,Hybrid,1500,Automatic,Lahore,6800000.0
2025-04-03,9888752,Suzuki,Swift DLX 1.3 Navigation,2018,105109,Petrol,1300,Manual,Rawalpindi,2550000.0
2025-04-03,9800038,Honda,Vezel Hybrid Z Style Edition,2015,84507,Hybrid,1500,Automatic,Karachi,5500000.0
2025-04-03,9633910,Toyota,Land Cruiser ZX Gasoline 3.5L,2022,9000,Petrol,3500,Automatic,Lahore,72000000.0
2025-04-03,9837138,KIA,Stonic EX+,2022,57179,Petrol,1400,Automatic,Faisalabad,5000000.0
2025-04-03,9856470,Toyota,Corolla Altis X Automatic 1.6,2021,23777,Petrol,1598,Automatic,Lahore,5500000.0
2025-04-03,9913942,Suzuki,Cultus VXR,2006,18220,Petrol,1000,Manual,Rawalpindi,1100000.0
2025-04-03,9905021,Honda,Civic Rebirth VTi Oriel Prosmatec 1.8 i-VTEC,2013,108000,Petrol,1800,Automatic,Lahore,3575000.0
2025-04-03,9912583,Toyota,Corolla XLi VVTi Limited Edition,2010,116000,Petrol,1300,Manual,Islamabad,2590000.0
2025-04-03,9922932,Hyundai,Santro Club GV,2003,125000,Petrol,1100,Manual,Lahore,1028999.0
2025-04-03,9845527,Honda,Vezel Hybrid Z Style Edition,2016,137157,Hybrid,1500,Automatic,Multan,6000000.0
2025-04-03,9830004,Toyota,Yaris Hatchback X,2020,54067,Petrol,1000,Automatic,Multan,4290000.0
2025-04-03,9754851,Toyota,Corolla X L Package 1.3,2002,104280,Petrol,1300,Automatic,Takhtbai,2700000.0
2025-04-03,9826620,KIA,Stonic EX+,2022,58529,Petrol,1400,Automatic,Multan,4750000.0
2025-04-03,9723490,Toyota,Hilux Revo G 2.8,2016,77000,Diesel,2800,Automatic,Karachi,9300000.0
2025-04-03,9822550,Suzuki,Alto VXR,2022,43970,Petrol,660,Manual,Multan,2600000.0
2025-04-03,9823510,Audi,A6 4th (C7) Generation 1.8 TFSI,2015,74846,Petrol,1800,Automatic,Multan,12500000.0
2025-04-03,9922922,Suzuki,Cultus VXR,2005,1000000,Petrol,1000,Manual,Karachi,680000.0
2025-04-03,9922920,Suzuki,Swift DLX 1.3,2013,135000,Petrol,1300,Manual,Islamabad,2225000.0
2025-04-03,9852917,Toyota,Vitz F Smile Edition 1.0,2014,109312,Petrol,1000,Automatic,Karachi,3050000.0
2025-04-03,9805633,Toyota,Prado TZ 3.0D,2005,99618,Diesel,3000,Automatic,Multan,9000000.0
2025-04-03,9801719,Changan,Karvaan Plus,2021,20174,Petrol,1000,Manual,Multan,2400000.0
2025-04-03,9908670,Suzuki,Bolan VX Euro II,2023,28597,Petrol,800,Manual,Lahore,2250000.0
2025-04-03,9922919,Suzuki,Jimny,1986,200000,Petrol,1300,Manual,Lahore,1700000.0
2025-04-03,9922917,Toyota,Aqua,2012,75000,Hybrid,1500,Automatic,Islamabad,3400000.0
2025-04-03,9882381,Daihatsu,Mira L,2022,13000,Petrol,660,Automatic,Rawalpindi,3550000.0
2025-04-03,9112165,Toyota,Crown Royal Saloon G,2005,123400,Petrol,3000,Automatic,Rawalpindi,6550000.0
2025-04-03,9795642,Haval,H6 HEV,2024,11198,Hybrid,1500,Automatic,Multan,12000000.0
2025-04-03,9921038,Lexus,LX Series LX570,2020,39675,Petrol,5700,Automatic,Islamabad,90000000.0
2025-04-03,9853912,Toyota,Vitz F 1.0,2011,119886,Petrol,1000,Automatic,Multan,2495000.0
2025-04-03,9916458,Toyota,Passo,2015,155000,Petrol,1000,Automatic,Gujranwala,2850000.0
2025-04-03,9922914,Honda,Civic Oriel 1.8 i-VTEC CVT,2021,68000,Petrol,1800,Automatic,Phalia,6450000.0
2025-04-03,9901658,Honda,City 1.3 i-VTEC,2016,66000,Petrol,1300,Manual,Lahore,3295000.0
2025-04-03,9805873,KIA,Sorento 3.5 FWD,2022,22263,Petrol,3500,Automatic,Multan,8650000.0
2025-04-03,9913592,Toyota,Corolla Altis Grande CVT-i 1.8,2018,106000,Petrol,1800,Automatic,Islamabad,5390000.0
2025-04-03,9922556,DFSK,Glory 580 Pro,2021,80000,Petrol,1500,Automatic,Gujranwala,4950000.0
2025-04-03,9876299,Changan,Oshan X7 FutureSense,2023,18232,Petrol,1500,Automatic,Karachi,8200000.0
2025-04-03,9922543,Suzuki,Cultus VXRi,2008,74000,Petrol,1000,Manual,Lahore,1145000.0
2025-04-03,9683546,Suzuki,Mehran VXR Euro II,2018,49000,Petrol,800,Manual,Karachi,1495000.0
2025-04-03,9911718,Toyota,Mark X 250G F Package Smart Edition,2005,89000,Petrol,2500,Automatic,Karachi,4275000.0
2025-04-03,9692114,Toyota,Corolla Altis Grande CVT-i 1.8,2020,57000,Petrol,1800,Automatic,Karachi,5775000.0
2025-04-03,9722895,Suzuki,Wagon R Hybrid FX,2019,53997,Hybrid,660,Automatic,Karachi,3200000.0
2025-04-03,9707709,Toyota,Prius S LED Edition 1.8,2011,138000,Hybrid,1800,Automatic,Multan,4380000.0
2025-04-03,9769857,Mercedes,Benz C Class C240,2003,1,Petrol,2398,Automatic,Karachi,2580000.0
2025-04-03,9816667,Suzuki,Swift GLX CVT,2022,52020,Petrol,1200,Automatic,Karachi,4200000.0
2025-04-03,9921471,Hyundai,Sonata 2.5,2023,14700,Petrol,2500,Automatic,Sialkot,10800000.0
2025-04-03,9922913,Nissan,Navara,1995,21000,Diesel,2700,Manual,Lahore,1950000.0
2025-04-03,9922912,Hyundai,Elantra GLS,2022,44000,Petrol,2000,Automatic,Rawalpindi,6500000.0
2025-04-03,9819166,Nissan,Kix,2011,216704,Petrol,660,Manual,Multan,2000000.0
2025-04-03,9922908,Honda,City 5th (GM2) Generation 1.5 i-VTEC,2020,86000,Petrol,1500,Manual,Lahore,3750000.0
2025-04-03,9783026,Toyota,Prius S LED Edition 1.8,2011,138099,Hybrid,1800,Automatic,Multan,4250000.0
2025-04-03,9885849,Honda,Civic VTi Prosmatec 1.6,2004,150000,Petrol,1600,Automatic,Faisalabad,2500000.0
2025-04-03,9857363,Toyota,Belta X Business A Package 1.0,2007,155241,Petrol,1000,Automatic,Lahore,2200000.0
2025-04-03,9922884,Honda,City 1.3 i-VTEC Prosmatec,2019,81000,Petrol,1300,Automatic,Karachi,3629999.0
2025-04-03,9922906,Honda,City 5th (GM2) Generation 1.3 i-VTEC Prosmatec,2017,208155,Petrol,1300,Automatic,Nowshera cantt,3550000.0
2025-04-03,9922905,Suzuki,Alto VXR,2020,40000,Petrol,660,Manual,Karachi,2250000.0
2025-04-03,9922904,Toyota,Yaris Sedan ATIV X CVT 1.5,2021,58000,Petrol,1500,Automatic,Islamabad,4800000.0
2025-04-03,9922903,Suzuki,Wagon R VXR,2018,160000,Petrol,1000,Manual,Lahore,2200000.0
2025-04-03,9889842,Toyota,C-HR S,2017,117000,Hybrid,1800,Automatic,Lahore,6800000.0
2025-04-03,9914126,Toyota,Prius G Touring Selection 1.8,2011,200000,Hybrid,1800,Automatic,Lahore,4300000.0
2025-04-03,9741018,Mazda,RX8,2003,65000,Petrol,3000,Automatic,Lahore,2750000.0
2025-04-03,9743063,Toyota,Land Cruiser VX Limited 4.2D,1992,187600,Diesel,4200,Automatic,Lahore,3550000.0
2025-04-03,9922902,Suzuki,Cultus VXR,2017,62000,Petrol,1000,Manual,Karachi,2210000.0
2025-04-03,9922901,Toyota,Corolla GLi Automatic 1.3 VVTi,2016,165000,Petrol,1300,Automatic,Lahore,3850000.0
2025-04-03,9922900,Honda,Civic VTi Prosmatec 1.6,2001,220000,Petrol,1600,Automatic,Karachi,1380000.0
2025-04-03,9922897,Haval,Jolion Top,2021,31000,Petrol,1500,Automatic,Pasrur,7000000.0
2025-04-03,9734844,Suzuki,Khyber,1990,10000,Hybrid,1000,Manual,Islamabad,492000.0
2025-04-03,9922896,Suzuki,Alto VXR,2021,31200,Petrol,660,Manual,D.G.Khan,2360000.0
2025-04-03,9922895,Suzuki,Alto F,2021,800,Petrol,660,Automatic,Islamabad,3579999.0
2025-04-03,9922893,Toyota,Corolla GLi Automatic Limited Edition 1.6 VVTi,2014,155000,Petrol,1600,Automatic,Rawalpindi,3700000.0
2025-04-03,9922894,MG,HS Trophy,2021,72000,Petrol,1500,Automatic,Lahore,5800000.0
2025-04-03,9037000,Audi,Q7 45 TFSI quattro,2018,55283,Petrol,3000,Automatic,Lahore,32500000.0
2025-04-03,9814832,Toyota,Prado TX L Package 2.7,2019,32000,Petrol,2700,Automatic,Lahore,28000000.0
2025-04-03,9814838,Toyota,Land Cruiser ZX Gasoline 3.5L,2023,2000,Petrol,3500,Automatic,Lahore,73000000.0
2025-04-03,9922536,Toyota,Prado TX L Package 2.7,2020,39000,Petrol,2700,Automatic,Gujranwala,28500000.0
2025-04-03,9856480,Suzuki,Alto VXL AGS,2019,40229,Petrol,660,Automatic,Lahore,2450000.0
2025-04-03,9913890,Toyota,Hilux Revo Rocco,2023,52756,Diesel,2800,Automatic,Lahore,14400000.0
2025-04-03,9913893,Toyota,Aqua S,2017,171714,Hybrid,1500,Automatic,Karachi,4100000.0
2025-04-03,9913878,Suzuki,Alto F,2019,13901,Petrol,660,Automatic,Karachi,2650000.0
2025-04-03,9773677,Toyota,Hiace Luxury Wagon High Grade,2023,100,Petrol,2800,Automatic,Karachi,14500000.0
2025-04-03,9738629,Changan,Alsvin 1.5L DCT Lumiere,2022,37000,Petrol,1500,Automatic,Rawalpindi,3750000.0
2025-04-03,9606052,Toyota,Premio X L Package 1.8,2021,35000,Petrol,1800,Automatic,Karachi,12400000.0
2025-04-03,9896183,Honda,City 6th Generation 1.5L CVT,2022,16051,Petrol,1500,Automatic,Islamabad,4800000.0
2025-04-03,9821430,Toyota,Vitz F 1.0,2017,46000,Petrol,1000,Automatic,Hyderabad,3600000.0
2025-04-03,9922890,Toyota,Premio X 1.8,2006,110000,Petrol,1800,Automatic,Swabi,3250000.0
2025-04-03,9922889,Toyota,Corolla GLi 1.3 VVTi,2010,220000,Petrol,1300,Manual,Karachi,2150000.0
2025-04-03,9922888,Toyota,Corolla 9th (E120) Generation SE Saloon,2004,247583,Petrol,1600,Manual,Karachi,2100000.0
2025-04-03,9922887,Nissan,Sunny,1986,38000,CNG,1000,Manual,Tando Allah Yar,280000.0
2025-04-03,9922886,Honda,Civic Oriel 1.8 i-VTEC CVT,2017,116000,Petrol,1800,Automatic,Islamabad,4950000.0
2025-04-03,9922885,Toyota,Corolla Altis X Automatic 1.6,2022,45000,Petrol,1598,Automatic,Faisalabad,5900000.0
2025-04-03,9837818,KIA,Sorento 2.4 FWD,2022,7676,Petrol,2400,Automatic,Karachi,8300000.0
2025-04-03,9837457,Toyota,Corolla Altis Grande CVT-i 1.8,2020,62378,Petrol,1800,Automatic,Rawalpindi,6500000.0
2025-04-03,9922883,Honda,City 5th (GM2) Generation 1.3 i-VTEC,2010,180000,Petrol,1300,Manual,Lahore,2280000.0
2025-04-03,9922882,Toyota,Prado 3rd (J120) Generation GX,2005,150000,Diesel,3000,Automatic,Abbottabad,7800000.0
2025-04-03,9922880,Honda,City i-DSI Vario,2007,170000,Petrol,1300,Automatic,Karachi,2100000.0
2025-04-03,9922876,Honda,City 5th (GM2) Generation i-VTEC,2011,175000,Petrol,1300,Manual,Jahaniya,2700000.0
2025-04-03,9821445,Toyota,Corolla,1985,100099,Petrol,1300,Manual,Karachi,550000.0
2025-04-03,9815835,Porsche,Cayenne Hybrid,2014,107068,Petrol,3000,Automatic,Lahore,16200000.0
2025-04-03,9899287,Suzuki,Alto VXR,2023,20000,Petrol,660,Manual,Islamabad,2700000.0
2025-04-03,9719061,Changan,Alsvin 1.5L DCT Lumiere,2022,34340,Petrol,1500,Automatic,Faisalabad,3900000.0
2025-04-03,9922879,Suzuki,Alto VXR,2009,135000,Petrol,1000,Manual,Quetta,1325000.0
2025-04-03,9908801,Toyota,Vitz FL 1.0,2003,210000,Petrol,1000,Automatic,Karachi,1850000.0
2025-04-03,9922878,Suzuki,Mehran VX,2007,200000,Petrol,800,Manual,Mandra,640000.0
2025-04-03,9909098,Suzuki,Mehran VXR (CNG),2005,18900,Petrol,800,Manual,Charsadda,585000.0
2025-04-03,9922672,Honda,Civic VTi Oriel 1.8 i-VTEC,2009,238268,Petrol,1800,Manual,Faisalabad,2300000.0
2025-04-03,9922877,Toyota,Surf SSR-X 2.7,2000,100000,Petrol,2700,Automatic,Nankana sahib,5800000.0
2025-04-03,9922873,Toyota,Vitz,2021,68000,Petrol,1000,Automatic,Lahore,4100000.0
2025-04-03,9922871,Suzuki,Alto VX,2022,128000,Petrol,660,Manual,Multan,2350000.0
2025-04-03,9356418,Honda,Insight EX,2021,49000,Hybrid,1500,Automatic,Lahore,5146818.677570093
2025-04-03,9789404,Audi,A4 35 TFSI,2019,48000,Petrol,2000,Automatic,Lahore,5146818.677570093
2025-04-03,9913834,KIA,Sportage Alpha,2023,16463,Petrol,2000,Automatic,Karachi,7200000.0
2025-04-03,9854493,Toyota,Yaris Sedan ATIV MT 1.3,2021,17643,Petrol,1300,Manual,Lahore,4500000.0
2025-04-03,9836831,Suzuki,Alto VXR,2011,164210,Petrol,1000,Manual,Faisalabad,1175000.0
2025-04-03,9872188,Honda,Civic Oriel 1.8 i-VTEC CVT,2021,42000,Petrol,1800,Automatic,Karachi,6300000.0
2025-04-03,9764999,Toyota,Prado TX Limited 2.7,2015,79600,Petrol,2700,Automatic,Lahore,21000000.0
2025-04-03,9798984,Suzuki,Mehran VXR,2012,80000,Petrol,800,Manual,Multan,900000.0
2025-04-03,9678927,Toyota,Corolla SE Saloon,2005,130000,Petrol,1600,Manual,Multan,2100000.0
2025-04-03,9678742,Honda,Civic 1.5 RS Turbo,2016,84500,Petrol,1500,Automatic,Multan,4685000.0
2025-04-03,9479872,Daihatsu,Taft G Turbo,2021,20000,Petrol,660,Automatic,Gujranwala,3999000.0
2025-04-03,9837671,Daihatsu,Boon Cilq,2021,19000,Petrol,1000,Automatic,Gujranwala,3950000.0
2025-04-03,9901143,Suzuki,Alto VXL AGS,2023,18000,Petrol,660,Automatic,Rawalpindi,2900000.0
2025-04-03,9916936,Toyota,Fortuner 2.7 VVTi,2018,165000,Petrol,2700,Automatic,Islamabad,12000000.0
2025-04-03,9922870,Suzuki,Alto VXL AGS,2025,3000,Petrol,660,Automatic,Islamabad,3400000.0
2025-04-03,9922867,Suzuki,Cultus VXR (CNG),2007,100,Petrol,1000,Manual,Mardan,1050000.0
2025-04-03,9790639,Daihatsu,Move X SA 2,2022,6500,Petrol,660,Automatic,Abbottabad,3650000.0
2025-04-03,9911798,Suzuki,Liana RXi,2006,164357,Petrol,1300,Manual,Islamabad,1370000.0
2025-04-03,9922862,Honda,Civic Oriel 1.8 i-VTEC CVT,2022,24000,Petrol,1800,Automatic,Karachi,6950000.0
2025-04-03,9922866,Toyota,Corolla 9th (E120) Generation SE Saloon Automatic,2005,102500,Petrol,1600,Automatic,Rahim Yar Khan,1785000.0
2025-04-03,9922801,Suzuki,Alto VXL AGS,2025,1850,Petrol,660,Automatic,Lahore,3150000.0
2025-04-03,9900967,Suzuki,Bolan VX Euro II,2015,80000,Petrol,800,Manual,Kahuta,1385000.0
2025-04-03,9922865,Toyota,Prius G Touring Selection Leather Package 1.8,2015,236000,Hybrid,1800,Automatic,Burewala,4250000.0
2025-04-03,9676189,Honda,Vezel Hybrid Z,2015,175000,Hybrid,1500,Automatic,Wah cantt,4800000.0
2025-04-03,9922864,Suzuki,Baleno GL,1998,150000,Petrol,1300,Manual,Karachi,600000.0
2025-04-03,9922857,Daihatsu,Hijet,2016,105000,Petrol,660,Manual,Muzaffar Gargh,1575000.0
2025-04-03,9922861,Toyota,Corolla GLi Automatic 1.6 VVTi,2014,120000,Petrol,1600,Automatic,Peshawar,345000.0
2025-04-03,9818287,Toyota,Aqua G LED Soft Leather Selection,2017,107000,Hybrid,1500,Automatic,Rawalpindi,4790000.0
2025-04-03,9922855,Toyota,Corolla 9th (E120) Generation GLi 1.3,2005,215000,Petrol,1300,Manual,Islamabad,2450000.0
2025-04-03,9894888,Suzuki,Alto VXR,2023,26000,Petrol,660,Manual,Lahore,2660000.0
2025-04-03,9922859,Suzuki,Mehran VXR Euro II,2018,30000,Petrol,796,Manual,Rawalpindi,1500000.0
2025-04-03,9922858,Suzuki,Alto VXR,2008,150000,Petrol,1000,Manual,Gujranwala,950000.0
2025-04-03,9916064,Toyota,Corolla 8th (E110) Generation 2.0D,2000,160000,Diesel,2000,Manual,Darya khan,1300000.0
2025-04-03,9922856,Suzuki,MR Wagon ECO-X,2013,98000,Petrol,660,Automatic,D.G.Khan,2280000.0
2025-04-03,9922853,Suzuki,Khyber Plus,1999,560000,Petrol,1000,Manual,Islamabad,850000.0
2025-04-03,9922854,Toyota,Passo,2017,200000,Petrol,1000,Automatic,Wah cantt,2900000.0
2025-04-03,9857152,Nissan,Juke 15RS Type V,2010,137358,Petrol,1500,Automatic,Lahore,3200000.0
2025-04-03,9837650,Daihatsu,Taft,2023,13000,Petrol,660,Automatic,Gujranwala,4200000.0
2025-04-03,9922477,Suzuki,Wagon R VXL,2016,97000,Petrol,1000,Manual,Karachi,1820000.0
2025-04-03,9922493,Daihatsu,Move L SA 3,2021,23000,Petrol,658,Automatic,Gujranwala,3350000.0
2025-04-03,9248533,Nissan,Note,2021,59000,Hybrid,1200,Automatic,Lahore,6200000.0
2025-04-03,9807626,Daihatsu,Rocky,2020,38000,Petrol,1000,Automatic,Lahore,5750000.0
2025-04-03,9922488,Suzuki,Wagon R VXL,2021,62000,Petrol,1000,Manual,Lahore,2750000.0
2025-04-03,9216050,Toyota,Yaris Hatchback,2021,41000,Petrol,1000,Automatic,Lahore,4430000.0
2025-04-03,9730924,Toyota,Raize Z,2020,46000,Petrol,1000,Automatic,Lahore,6099000.0
2025-04-03,9877102,Honda,City 6th Generation 1.2L CVT,2021,32926,Petrol,1200,Automatic,Karachi,4500000.0
2025-04-03,9913809,Honda,Insight G,2010,122831,Hybrid,1300,Automatic,Islamabad,3200000.0
2025-04-03,9906357,KIA,Sportage FWD,2021,43000,Petrol,2000,Automatic,Karachi,6590000.0
2025-04-03,9853813,Toyota,Passo X,2019,60610,Petrol,1000,Automatic,Lahore,3450000.0
2025-04-03,9922852,Honda,Civic Oriel 1.8 i-VTEC CVT,2017,150000,Petrol,1800,Automatic,Lahore,4950000.0
2025-04-03,9922849,Suzuki,Mehran VX Euro II,2013,64000,Petrol,796,Manual,Rawalpindi,1080000.0
2025-04-03,9922850,Honda,City i-DSI Vario,2006,192000,Petrol,1300,Automatic,Gojra,1850000.0
2025-04-03,9922846,Honda,City 1.3 i-VTEC Prosmatec,2018,68000,Petrol,1300,Automatic,Karachi,3500000.0
2025-04-03,9915192,Mercedes,Benz C Class C200,2021,30000,Petrol,1496,Automatic,Peshawar,30000000.0
2025-04-03,9922844,Honda,Civic EXi Prosmatec,2002,200000,Petrol,1500,Automatic,Rawalpindi,1750000.0
2025-04-03,9922841,Toyota,Corolla 9th (E120) Generation 2.0D,2007,200000,Diesel,2000,Manual,Rawalpindi,2550000.0
2025-04-03,9821396,Honda,City 1.3 i-VTEC Prosmatec,2010,120,Petrol,1300,Automatic,Karachi,2490000.0
2025-04-03,9922835,Toyota,Corolla Altis X Automatic 1.6 Special Edition,2022,21000,Petrol,1600,Automatic,Karachi,6050000.0
2025-04-03,9805219,Honda,Civic Oriel 1.8 i-VTEC CVT,2018,65350,Petrol,1800,Automatic,Multan,5400000.0
2025-04-03,9922832,Suzuki,Alto Hybrid X,2022,22834,Hybrid,660,Automatic,Rawalpindi,3400000.0
2025-04-03,9917060,Suzuki,Liana Eminent Automatic 1.3,2009,130000,Petrol,1300,Automatic,Lahore,1335000.0
2025-04-03,9922825,Toyota,Corolla 9th (E120) Generation XLi,2007,153000,Petrol,1300,Manual,Islamabad,2190000.0
2025-04-03,9922810,KIA,Sportage FWD,2021,58236,Petrol,2000,Automatic,Karachi,6590000.0
2025-04-03,9922479,Toyota,Hilux Tiger,2003,100000,Diesel,3000,Automatic,Peshawar,4500000.0
2025-04-03,9922831,Suzuki,Alto VXR,2023,22000,Petrol,660,Manual,Lahore,2650000.0
2025-04-03,9922830,Suzuki,Cultus VXRi (CNG),2012,60000,Petrol,1000,Manual,Hyderabad,1220000.0
2025-04-03,9922829,Mitsubishi,Ek Wagon,2016,115000,Petrol,660,Automatic,Islamabad,2650000.0
2025-04-03,9911404,Toyota,Corolla GLi Automatic 1.6 VVTi,2014,130000,Petrol,1600,Automatic,Karachi,3175000.0
2025-04-03,9922828,Toyota,Passo,2012,100000,Petrol,1000,Automatic,Lahore,3500000.0
2025-04-03,9922827,Honda,Civic 1.8 i-VTEC CVT,2017,130000,Petrol,1800,Automatic,Gujrat,4500000.0
2025-04-03,9922826,Suzuki,Cultus EURO II,2014,75000,Petrol,1000,Manual,Faisalabad,1650000.0
2025-04-03,9922823,Toyota,Town Ace,1986,80000,CNG,2000,Manual,Nowshera cantt,950000.0
2025-04-03,9922822,Honda,City 5th (GM2) Generation 1.3 i-VTEC Prosmatec,2016,134753,Petrol,1300,Automatic,Islamabad,3550000.0
2025-04-03,9916226,Suzuki,Cultus EURO II,2014,78000,Petrol,1000,Manual,Lahore,1550000.0
2025-04-03,9912144,KIA,Sorento 3.5 FWD,2022,30000,Petrol,3500,Automatic,Lahore,7450000.0
2025-04-03,9856510,Toyota,Fortuner 2.7 V,2021,52512,Petrol,2700,Automatic,Karachi,13300000.0
2025-04-03,9921298,Honda,N Wgn Custom L Turbo,2020,25000,Petrol,660,Automatic,Lahore,3750000.0
2025-04-03,9786976,Mercedes,Benz E Class 3rd (W211) Generation E280,2006,83635,Petrol,3000,Automatic,Karachi,5500000.0
2025-04-03,9913779,Honda,City 5th (GM2) Generation 1.3 i-VTEC,2017,85878,Petrol,1300,Manual,Lahore,3550000.0
2025-04-03,9913646,Suzuki,Mehran VX Euro II,2014,394332,Petrol,796,Manual,Peshawar,800000.0
2025-04-03,9900321,Honda,Civic Oriel 1.8 i-VTEC CVT,2019,67000,Petrol,1800,Automatic,Islamabad,5700000.0
2025-04-03,9911872,Honda,Civic Oriel 1.8 i-VTEC CVT,2022,40000,Petrol,1800,Automatic,Lahore,6500000.0
2025-04-03,9836892,Suzuki,Cultus EURO II,2014,57588,Petrol,1000,Manual,Islamabad,1550000.0
2025-04-03,9911609,Toyota,Hilux D-4D Automatic,2012,75200,Diesel,3000,Automatic,Karachi,6550000.0
2025-04-03,9836805,Suzuki,Alto VXR,2011,84232,Petrol,1000,Manual,Karachi,1200000.0
2025-04-03,9877484,Toyota,Corolla Altis Grande CVT-i 1.8,2020,34285,Petrol,1800,Automatic,Islamabad,6385000.0
2025-04-03,9922816,Mercedes,Benz C Class C180,2003,109620,Petrol,2000,Automatic,Peshawar,3000000.0
2025-04-03,9922737,Suzuki,Mehran VX,2007,88000,Petrol,800,Manual,Sialkot,630000.0
2025-04-03,9922815,Suzuki,Alto VX,2021,25,Petrol,660,Manual,Islamabad,2150000.0
2025-04-03,9922813,Suzuki,Alto VXL AGS,2022,70000,Petrol,660,Automatic,Lahore,2770000.0
2025-04-03,9922812,Honda,City 5th (GM2) Generation 1.3 i-VTEC,2019,69000,Petrol,1300,Manual,Lahore,3650000.0
2025-04-03,9922811,Suzuki,Cultus VXR (CNG),2004,120000,LPG,1000,Manual,Lahore,670000.0
2025-04-03,9922808,Honda,City 1.3 i-VTEC,2010,180000,Petrol,1300,Manual,Lahore,2050000.0
2025-04-03,9829467,Suzuki,Spacia X,2023,3922,Hybrid,660,Automatic,Islamabad,4200000.0
2025-04-03,9699681,Honda,Vezel Hybrid X,2015,194849,Hybrid,1500,Automatic,Islamabad,4850000.0
2025-04-03,9892491,Suzuki,Mehran VXR Euro II,2014,90000,Petrol,800,Manual,Bahawalpur,720000.0
2025-04-03,9862508,Toyota,Raize Z,2020,21700,Petrol,1000,Automatic,Karachi,6225000.0
2025-04-03,9922807,Toyota,Corolla Altis X Automatic 1.6,2022,25300,Petrol,1600,Automatic,Lahore,6075000.0
2025-04-03,9922806,Suzuki,Alto VXR,2023,48000,Petrol,660,Manual,Mian Wali,2700000.0
2025-04-03,9848474,Daihatsu,Rocky,2020,84000,Petrol,1000,Automatic,Lahore,4950000.0
2025-04-03,9768888,Honda,City i-DSI,2008,199999,Petrol,1300,Manual,Peshawar,1995000.0
2025-04-03,9922803,Toyota,Corolla GLi Automatic 1.6 VVTi,2013,100000,Petrol,1600,Automatic,Mandi bahauddin,3450000.0
2025-04-03,9816853,Toyota,Prius G Touring Selection Leather Package 1.8,2012,155000,Hybrid,1800,Automatic,Lahore,4950000.0
2025-04-03,9922783,Suzuki,Wagon R VXL,2017,76665,Petrol,1000,Manual,Lahore,2270000.0
2025-04-03,9922798,Suzuki,Cultus EURO II,2013,52000,Petrol,1000,Manual,Islamabad,1620000.0
2025-04-03,9827285,Toyota,Corolla Cross 1.8 HEV X,2024,3700,Hybrid,1800,Automatic,Sialkot,9370000.0
2025-04-03,9891290,Toyota,Prado TX L Package 2.8 D,2019,28397,Diesel,2800,Automatic,Lahore,32500000.0
2025-04-03,9922793,Suzuki,Cultus VXRi,2008,80000,Petrol,1000,Manual,Faisalabad,1075000.0
2025-04-03,9922792,Toyota,Corolla XLi VVTi,2012,200000,Petrol,1300,Manual,Fateh Jang,2720000.0
2025-04-03,9922601,Suzuki,Mehran VXR,2011,123,Petrol,800,Manual,Lahore,755000.0
2025-04-03,9922791,Prince,Pearl,2020,59573,Petrol,800,Manual,Lahore,1175000.0
2025-04-03,9648601,Toyota,Vitz iLL 1.3,2007,82000,Petrol,1300,Automatic,Islamabad,2975000.0
2025-04-03,9845951,Toyota,Premio F L Package 1.5,2006,185000,Petrol,1500,Automatic,Islamabad,2950000.0
2025-04-03,9890301,Suzuki,Swift XG 1.2,2007,164000,Petrol,1200,Automatic,Islamabad,2380000.0
2025-04-03,9873461,Toyota,Corolla Cross Hybrid Z,2021,90751,Hybrid,1800,Automatic,Lahore,8700000.0
2025-04-03,9833556,Mercedes,Benz E Class 5th (W213) Generation E 180 Avantgarde,2022,27549,Petrol,1500,Automatic,Islamabad,31500000.0
2025-04-03,9606074,Toyota,Hiace,2022,61000,Petrol,2700,Automatic,Karachi,5146818.677570093
2025-04-03,9776283,Toyota,Vitz F 1.0,2011,88123,Petrol,1000,Automatic,Karachi,2425000.0
2025-04-03,9742205,Mitsubishi,Mirage 1.0 G,2012,104860,Petrol,1000,Automatic,Karachi,2000000.0
2025-04-03,9764805,Prince,Pearl MT,2021,8000,Petrol,800,Manual,Karachi,1095000.0
2025-04-03,9919465,Suzuki,Cultus VXRi,2011,91000,Petrol,1000,Manual,Karachi,1225000.0
2025-04-03,7608517,Honda,Vezel Hybrid Z,2020,8846,Hybrid,1500,Automatic,Faisalabad,8900000.0
2025-04-03,9014098,Honda,Vezel e-HEV Z,2021,12000,Hybrid,1500,Automatic,Faisalabad,11900000.0
2025-04-03,9882516,Suzuki,Margalla,1994,125000,Petrol,1300,Manual,Sadiqabad,450000.0
2025-04-03,9922789,Suzuki,Mehran VXR,2012,100000,Petrol,800,Manual,Kamalia,600000.0
2025-04-03,9922784,Hyundai,Santro Exec,2004,147000,Petrol,1000,Manual,Lahore,1085000.0
2025-04-03,8988667,Toyota,C-HR G-LED,2018,67129,Hybrid,1800,Automatic,Lahore,8150000.0
2025-04-03,9787004,Daihatsu,Mira X SA lll,2020,16315,Petrol,660,Automatic,Islamabad,3460000.0
2025-04-03,9922781,Daihatsu,Taft G Turbo,2022,38000,Petrol,660,Automatic,Lahore,3650000.0
2025-04-03,9896809,Suzuki,Mehran VXR Euro II,2015,95368,Petrol,796,Manual,Islamabad,1250000.0
2025-04-03,9922778,Honda,Civic VTi Oriel 1.6,2002,126000,Petrol,1600,Manual,Lahore,1370000.0
2025-04-03,9922776,Honda,Civic 7th Generation (Facelift) VTi 1.6,2006,208000,Petrol,1600,Manual,Lahore,1750000.0
2025-04-03,9920854,Toyota,Vitz,2012,100000,Petrol,1000,Automatic,Islamabad,2570000.0
2025-04-03,9922766,Toyota,Prado TX L Package 2.8 D,2021,15000,Diesel,2800,Automatic,Lahore,38500000.0
2025-04-03,9551746,Toyota,Belta X S Package 1.3,2009,200000,Petrol,1300,Automatic,Islamabad,2750000.0
2025-04-03,9528680,Toyota,Vitz F M Package 1.0,2014,73000,Petrol,1000,Automatic,Islamabad,3450000.0
2025-04-03,9922770,Honda,Civic 5th Generation EX,1995,360000,Petrol,1500,Manual,Lahore,1120000.0
2025-04-03,9922767,Toyota,Corolla XLi VVTi,2017,103000,Petrol,1300,Manual,Lahore,3445000.0
2025-04-03,9922765,KIA,Sportage AWD,2020,75000,Petrol,2000,Automatic,Mandi bahauddin,6700000.0
2025-04-03,9876660,Honda,BR-V i-VTEC S,2021,55167,Petrol,1500,Automatic,Karachi,5300000.0
2025-04-03,9922756,Toyota,Corolla GLi Automatic 1.3 VVTi,2018,70000,Petrol,1300,Automatic,Sialkot,4850000.0
2025-04-03,9922764,Suzuki,Bolan VX Euro II,2021,86000,Petrol,800,Manual,Sargodha,18500000.0
2025-04-03,9896812,Suzuki,Alto VX (CNG),2007,320074,CNG,1000,Manual,Karachi,800000.0
2025-04-03,9922761,Toyota,Vitz B Intelligent Package 1.0,2007,200000,Petrol,1000,Automatic,Peshawar,2400000.0
2025-04-03,9922758,Toyota,Land Cruiser ZX Gasoline 3.5L,2022,244,Petrol,3500,Automatic,Lahore,70000000.0
2025-04-03,9922745,Toyota,Corolla Altis Grande CVT-i 1.8,2017,71000,Petrol,1800,Automatic,Karachi,4680000.0
2025-04-03,9922759,Suzuki,Bolan GL,2011,23099,Petrol,800,Manual,Islamabad,830000.0
2025-04-03,9721153,Nissan,Roox S Hybrid,2021,18687,Hybrid,660,Automatic,Lahore,3200000.0
2025-04-03,6611512,Honda,Vezel Hybrid Z Honda Sensing,2019,18435,Petrol,1500,Automatic,Faisalabad,7200000.0
2025-04-03,9412285,Nissan,Clipper DX,2018,39703,Petrol,660,Automatic,Faisalabad,2400000.0
2025-04-03,9536541,Daihatsu,Hijet Cruise,2019,80000,Petrol,660,Automatic,Faisalabad,2600000.0
2025-04-03,9853362,Suzuki,Alto VXR,2008,102945,Petrol,1000,Manual,Karachi,850000.0
2025-04-03,9660632,Suzuki,Alto,2021,20024,Petrol,660,Automatic,Faisalabad,3700000.0
2025-04-03,9746476,Nissan,Dayz X,2021,59583,Petrol,660,Automatic,Faisalabad,3800000.0
2025-04-03,9776920,Nissan,Dayz X,2021,79146,Petrol,660,Automatic,Faisalabad,3775000.0
2025-04-03,9922374,Honda,Civic Oriel 1.8 i-VTEC CVT,2017,101000,Petrol,1800,Automatic,Islamabad,5150000.0
2025-04-03,9779389,KIA,Sportage Black Limited Edition,2024,2000,Petrol,2000,Automatic,Faisalabad,9195000.0
2025-04-03,9895873,Suzuki,Mehran VX Euro II,2016,57549,Petrol,796,Manual,Islamabad,1450000.0
2025-04-03,9881628,Peugeot,2024 Allure,2024,23065,Petrol,1200,Automatic,Islamabad,7200000.0
2025-04-03,9872099,Honda,Civic Hatchback 1.0,2017,61626,Petrol,998,Manual,Lahore,4400000.0
2025-04-03,9922755,Honda,Civic Rebirth VTi Oriel Prosmatec 1.8 i-VTEC,2013,81000,Petrol,1800,Automatic,Lahore,3425000.0
2025-04-03,9922754,Suzuki,Alto VXR,2010,67000,Petrol,1000,Manual,Pir mahal,1400000.0
2025-04-03,9922752,Nissan,Serena e-POWER Highway Star,2020,62000,Hybrid,1200,Automatic,Okara,8000000.0
2025-04-03,9874530,Honda,City 1.3 i-VTEC,2017,80000,Petrol,1300,Manual,Lahore,3390000.0
2025-04-03,9922739,Toyota,Prado TX 2.8 D AT,2020,34000,Diesel,2755,Automatic,Lahore,26800000.0
2025-04-03,9922751,Honda,Civic Oriel 1.8 i-VTEC CVT,2018,44000,Petrol,1800,Automatic,Sialkot,5600000.0
2025-04-03,9855707,Toyota,Aqua S,2020,40000,Hybrid,1500,Automatic,Lahore,5500000.0
2025-04-03,9140888,Nissan,Note e-Power X,2021,10000,Hybrid,1200,Automatic,Lahore,6000000.0
2025-04-03,8831065,Toyota,Prado TX Limited 2.7,2013,93000,Petrol,2700,Automatic,Lahore,19000000.0
2025-04-03,9922750,Suzuki,Alto VXR,2024,14000,Petrol,660,Manual,Peshawar,2790000.0
2025-04-03,9876934,Suzuki,Mehran VX (CNG),2010,62534,Petrol,800,Manual,Islamabad,825000.0
2025-04-03,9899164,Honda,BR-V i-VTEC MT,2018,9900,Petrol,1500,Manual,Lahore,3800000.0
2025-04-03,9922749,Toyota,Corolla GLi Automatic 1.3 VVTi,2016,104000,Petrol,1300,Automatic,Lahore,3900000.0
2025-04-03,9922748,Suzuki,Khyber Limited Edition,1998,10000,Petrol,1000,Manual,Multan,580000.0
2025-04-03,9922747,Suzuki,Mehran VXR Euro II,2017,40000,Petrol,796,Manual,Mirpur khas,1200000.0
2025-04-03,9922746,Toyota,Corolla Altis Grande X CVT-i 1.8 Beige Interior,2021,80000,Petrol,1800,Automatic,Karachi,6700000.0
2025-04-03,9892174,Toyota,Passo X,2021,82419,Petrol,1000,Automatic,Lahore,4250000.0
2025-04-03,9811554,Honda,Civic 7th Generation (Facelift) EXi,2004,165000,Petrol,1500,Manual,Lahore,1650000.0
2025-04-03,9922744,Honda,City i-DSI,2006,170000,Petrol,1300,Manual,Islamabad,1875000.0
2025-04-03,9922740,Honda,Civic VTi Oriel Automatic 1.6,2000,10000,Petrol,1600,Automatic,Karachi,1550000.0
2025-04-03,9922742,Suzuki,Swift DLX 1.3,2012,155000,Petrol,1300,Manual,Basirpur,2000000.0
2025-04-03,9922741,Suzuki,Mehran VXR,1990,35000,Petrol,800,Manual,Lahore,450000.0
2025-04-03,9856784,Toyota,Hilux Revo G Automatic 2.8,2024,11544,Diesel,2800,Automatic,Lahore,13500000.0
2025-04-03,9922738,Honda,City Aspire Prosmatec 1.5 i-VTEC,2015,113000,Petrol,1500,Automatic,Rawalpindi,3525000.0
2025-04-03,9922736,Toyota,Corolla XLi VVTi,2012,133000,Petrol,1300,Manual,Lahore,2350000.0
2025-04-03,9771522,Honda,City 6th Generation 1.2L CVT,2023,7538,Petrol,1200,Automatic,Karachi,4450000.0
2025-04-03,8688170,Mercedes,Benz E Class E63 AMG,2010,66000,Petrol,6300,Automatic,Lahore,16000000.0
2025-04-03,9876199,Suzuki,Cultus VXL,2022,27685,Petrol,1000,Manual,Faisalabad,3325000.0
2025-04-03,9913301,Hyundai,Tucson FWD A/T GLS,2023,8657,Petrol,2000,Automatic,Lahore,7800000.0
2025-04-03,9889189,Honda,Vezel Hybrid RS Honda Sensing,2016,72369,Hybrid,1500,Automatic,Lahore,5950000.0
2025-04-03,9698410,Nissan,Note e-Power X,2022,11000,Hybrid,1200,Automatic,Karachi,7000000.0
2025-04-03,9698423,Toyota,Aqua Z,2022,59000,Hybrid,1500,Automatic,Karachi,8000000.0
2025-04-03,9903302,Hyundai,Tucson AWD A/T Ultimate,2021,51355,Petrol,2000,Automatic,Lahore,7000000.0
2025-04-03,9871655,Daihatsu,Hijet Special,2019,103190,Petrol,660,Automatic,Karachi,2300000.0
2025-04-03,9805444,Toyota,Prius S LED Edition 1.8,2012,184000,Hybrid,1800,Automatic,Karachi,3900000.0
2025-04-03,9904137,Honda,BR-V i-VTEC S,2020,48362,Petrol,1500,Automatic,Lahore,4975000.0
2025-04-03,9879663,Toyota,Prius S LED Edition 1.8,2015,75500,Hybrid,1800,Automatic,Lahore,5295000.0
2025-04-03,9922735,Toyota,Corolla Altis SR Cruisetronic 1.6,2013,160000,Petrol,1600,Automatic,Islamabad,4129999.0
2025-04-03,9922734,Honda,City 5th (GM2) Generation 1.3 i-VTEC,2019,75000,Petrol,1300,Manual,Nankana sahib,3725000.0
2025-04-03,9907709,Honda,Civic 1.8 i-VTEC CVT,2017,74000,Petrol,1800,Automatic,Karachi,4290000.0
2025-04-03,9922731,Suzuki,Every 6th Generation (Imported) PA,2020,100000,Petrol,660,Automatic,Peshawar,2700000.0
2025-04-03,9922726,Toyota,Prado TX L Package 2.8 D,2021,17200,Diesel,2800,Automatic,Lahore,39000000.0
2025-04-03,9922717,Suzuki,Liana RXi,2006,165440,Petrol,1300,Manual,Wah cantt,1245000.0
2025-04-03,9922730,Nissan,Dayz Highway Star S hybrid X pro pilot,2022,47000,Hybrid,660,Automatic,Islamabad,4175000.0
2025-04-03,9922727,Honda,Civic Oriel 1.8 i-VTEC CVT,2017,213000,Petrol,1800,Automatic,Lahore,5000000.0
2025-04-03,9860197,Suzuki,Cervo G Limited,2007,137400,Petrol,660,Automatic,Lahore,1625000.0
2025-04-03,9922724,Suzuki,Wagon R VXL,2016,161000,Petrol,1000,Manual,Lahore,1750000.0
2025-04-03,9922723,Toyota,Corolla XLi VVTi,2012,160000,Petrol,1300,Manual,Rawalpindi,2600000.0
2025-04-03,9922721,Audi,Q2,2006,15000,Petrol,800,Automatic,Rawalpindi,980000.0
2025-04-03,9922719,Honda,City 1.2L M/T,2021,47500,Petrol,1200,Manual,Bahawalpur,3950000.0
2025-04-03,9811630,Toyota,Corolla XLi VVTi,2019,28882,Petrol,1300,Manual,Karachi,4050000.0
2025-04-03,9908533,Suzuki,Cultus VXR,2003,90000,Petrol,1000,Manual,Rawalpindi,1025000.0
2025-04-03,9898688,Suzuki,Bolan VX Euro II,2021,22000,Petrol,800,Manual,Karachi,1610000.0
2025-04-03,9922713,Honda,HR-V VTi-S,2023,60000,Petrol,1500,Automatic,Muzaffar Gargh,6400000.0
2025-04-03,9922716,Toyota,Corolla Altis X Automatic 1.6 Special Edition,2022,65000,Petrol,1598,Automatic,Lahore,6250000.0
2025-04-03,9659543,Suzuki,Cultus VXR,2007,55000,Petrol,1000,Manual,Lahore,825000.0
2025-04-03,9876260,Honda,City 1.3 i-VTEC,2017,78000,Petrol,1300,Manual,Islamabad,3420000.0
2025-04-03,9865676,Nissan,Dayz,2021,18000,Petrol,660,Automatic,Karachi,3300000.0
2025-04-03,9746199,Honda,City 5th (GM2) Generation 1.5 i-VTEC,2018,103000,Petrol,1500,Manual,Okara,3540000.0
2025-04-03,9922711,Toyota,Vitz U 1.0,2008,278000,Petrol,1000,Automatic,Lahore,2150000.0
2025-04-03,9874036,Toyota,Vitz F 1.0,2006,123235,Petrol,1000,Automatic,Islamabad,1850000.0
2025-04-03,9922675,Toyota,Prado TX L Package 2.7,2020,31000,Petrol,2700,Automatic,Lahore,28000000.0
2025-04-03,9922352,Mercedes,Benz E Class 4th (W212) Generation E63 AMG,2013,88000,Petrol,5500,Automatic,Islamabad,19500000.0
2025-04-03,9876137,Honda,Accord 24TL,2011,195389,Petrol,2400,Automatic,Lahore,4500000.0
2025-04-03,9802373,Suzuki,Vitara GLX 1.6,2017,134416,Petrol,1600,Automatic,Faisalabad,4700000.0
2025-04-03,9511715,Peugeot,2022 Active,2022,40000,Petrol,1200,Automatic,Karachi,5200000.0
2025-04-03,9922343,Toyota,Corolla Altis Automatic 1.6,2012,140700,Petrol,1600,Automatic,Lahore,3550000.0
2025-04-03,9892187,Suzuki,Spacia,2014,75000,Petrol,660,Automatic,Peshawar,2425000.0
2025-04-03,9801842,Toyota,Corolla Axio Luxel 1.8,2007,120000,Petrol,1800,Automatic,Peshawar,3550000.0
2025-04-03,9913088,Honda,S660 Alpha,2015,35254,Petrol,660,Manual,Karachi,4100000.0
2025-04-03,9913498,Toyota,Pixis Epoch X,2014,188866,Petrol,660,Automatic,Faisalabad,2200000.0
2025-04-03,9866875,Nissan,Clipper DX,2020,92000,Petrol,660,Automatic,Karachi,2325000.0
2025-04-03,9911184,Honda,Civic Oriel 1.8 i-VTEC CVT,2018,44983,Petrol,1800,Automatic,Karachi,5355000.0
2025-04-03,9895765,Audi,A5 1.4 TFSI Sportback,2019,54945,Petrol,1400,Automatic,Lahore,15800000.0
2025-04-03,9903087,Honda,Civic Oriel 1.8 i-VTEC CVT,2018,58000,Petrol,1800,Automatic,Lahore,5550000.0
2025-04-03,9922710,Toyota,Corolla GLi 1.3 VVTi,2016,153000,Petrol,1300,Manual,Sumandari,3250000.0
2025-04-03,9922688,Honda,Civic Oriel 1.8 i-VTEC CVT,2020,32000,Petrol,1800,Automatic,Lahore,6650000.0
2025-04-03,9856482,Honda,Vezel Hybrid X,2014,119215,Hybrid,1500,Automatic,Lahore,4150000.0
2025-04-03,9922709,Daihatsu,Boon 1.0 CL,2006,85000,Petrol,1000,Automatic,Karachi,1500000.0
2025-04-03,9922707,Suzuki,Alto VX,2025,789,Petrol,660,Manual,Lahore,2500000.0
2025-04-03,9922691,Nissan,Dayz Roox,2015,135000,Petrol,660,Automatic,Islamabad,2400000.0
2025-04-03,9922706,Toyota,Corolla Fielder Hybrid,2016,176000,Hybrid,1500,Automatic,Peshawar,4850000.0
2025-04-03,9922705,Audi,A5,2018,28442,Petrol,1400,Automatic,Karachi,17500000.0
2025-04-03,9922702,Suzuki,Cultus VXLi (CNG),2012,73000,Petrol,1000,Manual,Lahore,1300000.0
2025-04-03,9906846,Toyota,Corolla Altis Grande X CVT-i 1.8 Black Interior,2022,21644,Petrol,1800,Automatic,Faisalabad,7200000.0
2025-04-03,9922701,Toyota,Yaris Sedan ATIV MT 1.3,2022,50000,Petrol,1300,Manual,Sahiwal,4350000.0
2025-04-03,9922700,Suzuki,Swift DLX 1.3,2010,84448,Petrol,1300,Manual,Lahore,1725000.0
2025-04-03,9922699,Suzuki,Cultus EURO II,2013,65000,Petrol,1000,Manual,Peshawar,1580000.0
2025-04-03,9795898,Changan,Karvaan Base Model 1.0,2018,88850,Petrol,1000,Manual,Lahore,2200000.0
2025-04-03,9922698,Suzuki,Wagon R VXL,2018,50000,Petrol,1000,Manual,Farooqabad,2550000.0
2025-04-03,9754999,Suzuki,Alto VXR,2022,48000,Petrol,660,Manual,Rawalpindi,2700000.0
2025-04-03,9922697,Suzuki,Swift DX 1.3,2015,88963,Petrol,1300,Manual,Karachi,2100000.0
2025-04-03,9816889,Honda,City Aspire Prosmatec 1.5 i-VTEC,2019,120000,Petrol,1500,Automatic,Islamabad,4200000.0
2025-04-03,9810781,Suzuki,Mehran VXR,2010,405470,Petrol,800,Manual,Lahore,890000.0
2025-04-03,9856900,Suzuki,Alto VXL AGS,2024,26744,Petrol,660,Automatic,Rawalpindi,3130000.0
2025-04-03,9662145,Suzuki,Bolan VX (CNG),2007,100000,Petrol,800,Manual,Wah cantt,880000.0
2025-04-03,9922692,Honda,City 5th (GM2) Generation 1.3 i-VTEC Prosmatec,2018,69000,Petrol,1300,Automatic,Toba Tek Singh,3800000.0
2025-04-03,9922693,Daihatsu,Cuore,2024,120000,LPG,800,Manual,Bahawalpur,700000.0
2025-04-03,9922679,Toyota,Hilux Revo V Automatic 2.8,2021,60000,Diesel,2800,Automatic,Islamabad,11600000.0
2025-04-03,9896356,Suzuki,Alto VXL AGS,2023,21000,Petrol,660,Automatic,Lahore,2915000.0
2025-04-03,9888738,Toyota,Belta G 1.3,2006,5057,Petrol,1300,Automatic,Karachi,2125000.0
2025-04-03,9833775,Suzuki,Alto VXL AGS,2019,43903,Petrol,660,Automatic,Faisalabad,2450000.0
2025-04-03,9758805,Suzuki,Swift GLX CVT,2024,13000,Petrol,1200,Automatic,Lahore,5000000.0
2025-04-03,9748925,Suzuki,Alto VXL AGS,2021,91000,Petrol,660,Automatic,Lahore,2599000.0
2025-04-03,9913491,Daihatsu,Cuore CX Automatic,2011,114690,Petrol,800,Automatic,Karachi,1300000.0
2025-04-03,9732741,Changan,Karvaan Plus,2022,42321,Petrol,1000,Manual,Karachi,2500000.0
2025-04-03,9920572,KIA,Sportage FWD,2020,57000,Petrol,2000,Automatic,Karachi,6350000.0
2025-04-03,9922297,MG,HS Essence,2024,26000,Petrol,1500,Automatic,Lahore,7600000.0
2025-04-03,9890462,Toyota,Hilux Revo GR-S,2025,2,Diesel,2800,Automatic,Gujrat,17200000.0
2025-04-03,9922306,Honda,Civic Oriel 1.8 i-VTEC CVT,2020,123,Petrol,1800,Automatic,Faisalabad,6050000.0
2025-04-03,9913485,Daihatsu,Mira L,2014,106471,Petrol,660,Automatic,Karachi,1850000.0
2025-04-03,9922689,Hyundai,Santro Club GV,2008,150000,Petrol,1100,Manual,Faisalabad,1275000.0
2025-04-03,9922690,Honda,City 1.2L CVT,2022,35995,Petrol,1200,Automatic,Fort Abbass,4399000.0
2025-04-03,9708733,Toyota,Aqua S,2014,127800,Hybrid,1500,Automatic,Islamabad,3885000.0
2025-04-03,9920748,Toyota,Corolla GLi Automatic 1.3 VVTi,2014,97409,Petrol,1300,Automatic,Sargodha,2880000.0
2025-04-03,9876351,MG,HS PHEV,2025,3595,Hybrid,1500,Automatic,Islamabad,10300000.0
2025-04-03,9588294,Suzuki,Alto VXR,2005,90000,Petrol,1000,Manual,Bannu,700000.0
2025-04-03,9298475,Mercedes,Benz C Class C200,2021,11000,Petrol,1496,Automatic,Karachi,5146818.677570093
2025-04-03,9922683,Honda,Civic 7th Generation (Facelift) VTi Oriel UG Prosmatec 1.6,2006,161000,Petrol,1600,Automatic,Karachi,1950000.0
2025-04-03,9340462,Mercedes,Benz C Class,2022,9000,Petrol,1500,Automatic,Karachi,5146818.677570093
2025-04-03,9355505,Audi,e-tron 50 quattro 230 kW,2022,15000,Electric,60,Automatic,Karachi,5146818.677570093
2025-04-03,9922686,Suzuki,Wagon R VXR,2020,61000,Petrol,1000,Manual,Rawalpindi,2300000.0
2025-04-03,9922684,Honda,Civic 11th Generation Oriel,2024,15000,Petrol,1500,Automatic,Karachi,8300000.0
2025-04-03,9922685,Suzuki,Cultus VXR,2006,50000,Petrol,1000,Manual,Multan,1050000.0
2025-04-03,9922677,Suzuki,Cultus VXR,2005,90000,Petrol,1000,Manual,Lahore,1050000.0
2025-04-03,9850208,Toyota,Prado TX L Package 2.7,2019,42557,Petrol,2700,Automatic,Lahore,25500000.0
2025-04-03,9920332,Honda,City 1.3 i-VTEC,2014,134200,Petrol,1300,Manual,Rawalpindi,2775000.0
2025-04-03,9922680,Mitsubishi,Ek Wagon E,2013,122220,Petrol,660,Automatic,Faisalabad,2235000.0
2025-04-03,9742197,Toyota,Prado 3rd (J120) Generation TX 2.7,2004,125037,Petrol,2700,Automatic,Karachi,6900000.0
2025-04-03,9722931,Suzuki,Mehran VXR,2006,40924,Petrol,800,Manual,Lahore,500000.0
2025-04-03,9794185,Suzuki,Cultus VXL,2018,97500,Petrol,1000,Manual,Multan,2650000.0
2025-04-03,9856847,Toyota,Hilux Revo GR-S,2023,10684,Diesel,2800,Automatic,Lahore,16500000.0
2025-04-03,9722128,Suzuki,Mehran VXR Euro II,2014,77882,Petrol,796,Manual,Lahore,1150000.0
2025-04-03,9922666,Suzuki,Wagon R FX,2014,215000,Petrol,660,Automatic,Islamabad,2375000.0
2025-04-03,9922673,Suzuki,Cultus VXR,2021,120000,Petrol,1000,Manual,Islamabad,3200000.0
2025-04-03,9922674,Suzuki,Khyber,1989,40000,LPG,1000,Manual,Karachi,390000.0
2025-04-03,9863446,Daihatsu,Taft G Turbo,2023,12520,Petrol,660,Automatic,Faisalabad,4000000.0
2025-04-03,9876006,Toyota,Corolla Altis CVT-i 1.8,2015,105600,Petrol,1800,Automatic,Islamabad,4200000.0
2025-04-03,9888074,Daihatsu,Taft,2021,14800,Petrol,660,Automatic,Islamabad,4150000.0
2025-04-03,9665682,Toyota,Land Cruiser,2008,231000,Diesel,4500,Automatic,Islamabad,28500000.0
2025-04-03,9911538,Honda,Civic VTi Oriel Prosmatec 1.8 i-VTEC,2015,65000,Petrol,1800,Automatic,Lahore,4300000.0
2025-04-03,9730448,Daihatsu,Mira G SA III,2020,29354,Petrol,660,Automatic,Karachi,3500000.0
2025-04-03,9778617,Toyota,Corolla Cross 1.8 X,2024,12364,Petrol,1800,Automatic,Karachi,8700000.0
2025-04-03,9722424,Changan,Karvaan Plus,2021,6479,Petrol,1000,Manual,Lahore,2800000.0
2025-04-03,9722261,Toyota,Vitz F 1.0,2012,148555,Petrol,1000,Automatic,Karachi,2400000.0
2025-04-03,9913452,Honda,City 5th (GM2) Generation 1.3 i-VTEC,2015,109568,Petrol,1300,Manual,Islamabad,3200000.0
2025-04-03,9401263,BMW,7 Series 4th (E65) Generation 760Li,2008,23,Petrol,6000,Automatic,Lahore,8500000.0
2025-04-03,9909185,Toyota,Celica SS-II Super Strut Package,2001,85000,Petrol,1800,Automatic,Lahore,4800000.0
2025-04-03,9803639,Audi,e-tron GT Standard,2022,13500,Electric,93,Automatic,Lahore,35500000.0
2025-04-03,9922671,Honda,Civic 5th Generation EX,1994,150000,Petrol,1500,Manual,Karachi,975000.0
2025-04-03,9728012,Honda,City 5th (GM2) Generation 1.3 i-VTEC,2016,166942,Petrol,1300,Manual,Sargodha,2830000.0
2025-04-03,9856791,Daihatsu,Hijet Cruise,2019,53726,Petrol,660,Automatic,Rawalpindi,2700000.0
2025-04-03,9837133,Toyota,Corolla Altis Grande CVT-i 1.8,2015,137697,Petrol,1800,Automatic,Karachi,3800000.0
2025-04-03,9837109,Toyota,Aqua S,2018,93537,Hybrid,1500,Automatic,Karachi,5500000.0
2025-04-03,9827035,Toyota,Yaris Sedan ATIV CVT 1.3,2021,45200,Petrol,1300,Automatic,Lahore,4250000.0
2025-04-03,9813158,Toyota,Corolla Altis CVT-i 1.8,2018,54941,Petrol,1800,Automatic,Karachi,4800000.0
2025-04-03,9635544,KIA,Picanto 1.0 MT,2021,99956,Petrol,1000,Manual,Islamabad,2700000.0
2025-04-03,9884937,Toyota,Corolla Altis Grande X CVT-i 1.8 Black Interior,2022,27197,Petrol,1800,Automatic,Gujranwala,6900000.0
2025-04-03,9922663,Toyota,Vitz F M Package 1.0,2018,158500,Petrol,1000,Automatic,Lahore,3990000.0
2025-04-03,9922662,Suzuki,Cultus VXR,2007,146000,Petrol,1000,Manual,Multan,819999.0
2025-04-03,9816952,Suzuki,Swift GL CVT Limited Edition,2022,27000,Petrol,1200,Automatic,Islamabad,3720000.0
2025-04-03,9922658,Suzuki,Wagon R FX Limited,2013,126000,Petrol,660,Automatic,Lahore,1745000.0
2025-04-03,9922660,Honda,Vezel Hybrid Z,2014,175000,Hybrid,1500,Automatic,Bahawalpur,4500000.0
2025-04-03,9918587,Toyota,Allion A15 G Package,2007,153000,Petrol,1500,Automatic,Karachi,2600000.0
2025-04-03,9922659,Suzuki,Alto VXL AGS,2021,92000,Petrol,660,Automatic,Lahore,2435000.0
2025-04-03,9922657,Suzuki,Wagon R FX,2014,123,Petrol,660,Automatic,Karachi,2600000.0
2025-04-03,9922485,Toyota,Prius S LED Edition 1.8,2012,108000,Hybrid,1800,Automatic,Lahore,4750000.0
2025-04-03,9922655,Honda,Civic Rebirth VTi 1.8 i-VTEC,2012,123,Petrol,1800,Manual,Lahore,2400000.0
2025-04-03,9922459,Toyota,Corolla XLi VVTi Limited Edition,2011,155000,Petrol,1300,Manual,Peshawar,2089999.0
2025-04-03,9922652,Suzuki,Alto,2008,5000,Petrol,660,Automatic,Karachi,1650000.0
2025-04-03,9922654,Toyota,Corolla 9th (E120) Generation XLi,2005,100000,Petrol,1300,Manual,Chakwal,2350000.0
2025-04-03,9922653,Honda,Civic VTi Oriel Prosmatec 1.8 i-VTEC,2006,140000,Petrol,1800,Automatic,Lahore,2190000.0
2025-04-03,9749618,Honda,Civic Oriel 1.8 i-VTEC CVT,2021,51524,Petrol,1800,Automatic,Karachi,6200000.0
2025-04-03,9911603,Mercedes,Benz C Class C180,2007,85000,Petrol,2000,Automatic,Lahore,3300000.0
2025-04-03,9911570,Mercedes,Benz B Class B 200,2011,52000,Petrol,1800,Automatic,Lahore,4800000.0
2025-04-03,9911660,Suzuki,Mehran VX,2009,95000,Petrol,800,Manual,Lahore,690000.0
2025-04-03,9875735,Toyota,Corolla GLi Automatic 1.3 VVTi,2016,76338,Petrol,1300,Automatic,Karachi,4100000.0
2025-04-03,9754662,FAW,Sirius S80 Grand 1.5,2013,125000,Petrol,1500,Manual,Lahore,1650000.0
2025-04-03,9190931,Mercedes,Benz C Class C200,2021,11000,Petrol,1500,Automatic,Lahore,29000000.0
2025-04-03,9897161,BMW,7 Series 4th (E65) Generation 730d,2006,95000,Diesel,3000,Automatic,Lahore,3450000.0
2025-04-03,9643788,Mercedes,Benz C Class C180,2021,16000,Petrol,1600,Automatic,Lahore,5146818.677570093
2025-04-03,9911401,Toyota,Corolla GLi 1.3 VVTi,2017,32000,Petrol,1300,Manual,Karachi,4175000.0
2025-04-03,9649000,Toyota,Prado TX 2.7,2020,8000,Petrol,2700,Automatic,Lahore,25000000.0
2025-04-03,9781169,Toyota,Prado TX 2.7,2020,52000,Petrol,2700,Automatic,Lahore,24500000.0
2025-04-03,9872167,Toyota,Prado TX L Package 2.7,2020,23000,Petrol,2700,Automatic,Lahore,5146818.677570093
2025-04-03,9922651,Suzuki,Mehran VX,2000,86000,Petrol,800,Manual,Rawalpindi,825000.0
2025-04-03,9922650,Honda,City 1.3 i-VTEC,2015,110000,Petrol,1300,Manual,Lahore,2975000.0
2025-04-03,9874241,Honda,City i-DSI,2005,113000,Petrol,1300,Manual,Islamabad,2295000.0
2025-04-03,9922648,Suzuki,Every 6th Generation (Imported) PA,2019,79448,Petrol,660,Automatic,Faisalabad,2500000.0
2025-04-03,9922644,Suzuki,Swift DLX Automatic 1.3,2013,101000,Petrol,1300,Automatic,Multan,2330000.0
2025-04-03,9922646,Toyota,Corolla,1997,114000,Petrol,1500,Automatic,Haripur,1850000.0
2025-04-03,9922645,KIA,Sportage Alpha,2020,22000,Petrol,2000,Automatic,Karachi,5750000.0
2025-04-03,9837154,Suzuki,Every 6th Generation (Imported) PC,2020,104163,Petrol,660,Manual,Karachi,2850000.0
2025-04-03,9922642,Honda,City 5th (GM2) Generation 1.3 i-VTEC,2014,120000,Petrol,1300,Manual,Lahore,3050000.0
2025-04-03,9922641,Daihatsu,Mira X,2014,60000,Petrol,660,Automatic,Karachi,1800000.0
2025-04-03,9922639,Honda,Civic VTi Oriel 1.8 i-VTEC,2010,140000,Petrol,1800,Manual,Islamabad,2850000.0
2025-04-03,9922638,Honda,Fit Shuttle Hybrid,2015,200000,Hybrid,1500,Automatic,Lahore,4500000.0
2025-04-03,9922637,Suzuki,Cultus VXR,2007,96000,Petrol,1000,Manual,Lahore,875000.0
2025-04-03,9922636,Honda,Civic Rebirth VTi Oriel Prosmatec 1.8 i-VTEC,2013,170000,Petrol,1800,Automatic,Chakwal,3350000.0
2025-04-03,9907796,Haval,H6 HEV,2025,10,Hybrid,1500,Automatic,Lahore,12400000.0
2025-04-03,9922634,Honda,Fit,2014,270000,Hybrid,1500,Automatic,Islamabad,3050000.0
2025-04-03,9922633,Toyota,Corolla Altis Automatic 1.6,2017,177000,Petrol,1600,Automatic,Lahore,4250000.0
2025-04-03,9922632,Honda,Civic 7th Generation (Facelift) EXi Prosmatec,2004,270000,Petrol,1500,Automatic,Rawalpindi,1870000.0
2025-04-03,9922631,Suzuki,Every Wagon PZ Turbo Special,2013,76000,Petrol,660,Automatic,Lahore,2195000.0
2025-04-03,9922630,KIA,Sportage AWD,2022,14000,Petrol,2000,Automatic,Lahore,7750000.0
2025-04-03,9922629,Toyota,Corolla XLi VVTi,2009,170000,Petrol,1300,Manual,Islamabad,2225000.0
2025-04-03,9876360,Honda,N Wgn Custom,2020,39998,Petrol,660,Automatic,Islamabad,3750000.0
2025-04-03,9922622,Suzuki,Alto VXR,2023,52000,Petrol,660,Manual,Lahore,2635000.0
2025-04-03,9922626,Toyota,Corolla XLi VVTi Ecotec,2012,149000,Petrol,1300,Manual,Islamabad,3500000.0
2025-04-03,9807894,Honda,Civic 7th Generation (Facelift) EXi Prosmatec,2006,170000,Petrol,1500,Automatic,Karachi,1550000.0
2025-04-03,9544093,Toyota,Land Cruiser,1987,417,Petrol,3400,Automatic,Lahore,5500000.0
2025-04-03,9654007,Lexus,LX Series LX570,2020,13700,Petrol,5700,Automatic,Lahore,74500000.0
2025-04-03,9645001,Toyota,Land Cruiser ZX,2020,11000,Petrol,4600,Automatic,Lahore,49000000.0
2025-04-03,9643738,Toyota,Prado TX 2.7,2020,32000,Petrol,2700,Automatic,Lahore,26000000.0
2025-04-03,9922174,Toyota,Vitz F M Package 1.0,2017,141859,Petrol,1000,Automatic,Lahore,2950000.0
2025-04-03,9922224,Toyota,Land Cruiser VX Limited 4.2D,2006,200000,Diesel,4200,Automatic,Islamabad,11500000.0
2025-04-03,9909191,Honda,City 5th (GM2) Generation 1.3 i-VTEC Prosmatec,2018,85000,Petrol,1300,Automatic,Multan,3625000.0
2025-04-03,9853131,Toyota,Yaris Sedan ATIV X MT 1.5,2021,9475,Petrol,1500,Manual,Islamabad,4700000.0
2025-04-03,9896808,Honda,Civic Reborn VTi Oriel Prosmatec 1.8 i-VTEC,2012,154000,Petrol,1800,Automatic,Islamabad,2850000.0
2025-04-03,9494521,Daihatsu,Move X SA 2,2021,15000,Petrol,660,Automatic,Islamabad,3300000.0
2025-04-03,9856165,Toyota,Corolla Altis Automatic 1.6,2013,131766,Petrol,1600,Automatic,Karachi,3150000.0
2025-04-03,9922254,Honda,City 5th (GM2) Generation Aspire 1.3 i-VTEC,2018,48000,Petrol,1300,Manual,Islamabad,3550000.0
2025-04-03,9922625,Honda,Civic Rebirth VTi Oriel Prosmatec 1.8 i-VTEC,2013,84000,Petrol,1800,Automatic,Karachi,3500000.0
2025-04-03,9910126,Suzuki,Spacia X,2022,31281,Hybrid,660,Automatic,Lahore,3250000.0
2025-04-03,9919636,Haval,H6 HEV,2024,2000,Hybrid,1500,Automatic,Islamabad,11600000.0
2025-04-03,9922620,Toyota,Corolla TX,1988,200000,Petrol,1500,Manual,Islamabad,1197000.0
2025-04-03,9922621,Jetour,Dashing Deluxe,2025,300,Petrol,1500,Automatic,Lahore,9000000.0
2025-04-03,9922619,Toyota,Corolla GLi Automatic 1.3 VVTi,2016,88700,Petrol,1300,Automatic,Gujranwala,4100000.0
2025-04-03,9922618,Prince,Pearl MT,2021,42000,Petrol,800,Manual,Lahore,1150000.0
2025-04-03,9922616,Suzuki,Wagon R VXL,2017,83400,Petrol,1000,Manual,Lahore,2295000.0
2025-04-03,9922615,Toyota,Prius S 1.8,2015,200000,Hybrid,1800,Automatic,Mandi bahauddin,4400000.0
2025-04-03,9896394,Daihatsu,Cuore CX Eco,2009,129927,Petrol,800,Manual,Lahore,950000.0
2025-04-03,9645524,Toyota,Tundra 5.7i,2016,135000,Petrol,5700,Automatic,Karachi,17000000.0
2025-04-03,9922613,Suzuki,Baleno JXR,2004,200000,Petrol,1300,Manual,Hyderabad,1000000.0
2025-04-03,9922612,Toyota,Vitz F 1.0,2013,159637,Petrol,1000,Automatic,Gujranwala,3200000.0
2025-04-03,9922611,Suzuki,Mehran VXR Euro II,2015,73664,Petrol,796,Manual,Lahore,1220000.0
2025-04-03,9922609,Toyota,Corolla,1988,200000,Petrol,1300,Manual,Wah cantt,1200000.0
2025-04-03,9733953,Toyota,Vitz F 1.0,2014,120866,Petrol,1000,Automatic,Karachi,2820000.0
2025-04-03,9922607,Toyota,Corolla Altis Grande CVT-i 1.8,2015,39000,Petrol,1800,Automatic,Sargodha,4800000.0
2025-04-03,9866420,Daihatsu,Mira X SA lll,2021,37400,Petrol,660,Automatic,Karachi,3615000.0
2025-04-03,9922606,KIA,Stonic EX+,2022,17000,Petrol,1400,Automatic,Rawalpindi,5950000.0
2025-04-03,9823764,Daihatsu,Mira L,2014,57000,Petrol,660,Automatic,Karachi,2150000.0
2025-04-03,9456518,Honda,Fit 1.5 Hybrid Smart Selection,2013,130000,Hybrid,1500,Automatic,Peshawar,3150000.0
2025-04-03,9860359,Toyota,Corolla Altis Grande X CVT-i 1.8 Black Interior,2024,12800,Petrol,1800,Automatic,Karachi,7800000.0
2025-04-03,9860798,Mazda,Carol GS,2014,116000,Petrol,660,Automatic,Karachi,2200000.0
2025-04-03,9922604,Suzuki,Bolan VX Euro II,2019,63700,Petrol,800,Manual,Chakwal,1870000.0
2025-04-03,9660033,KIA,Picanto,2021,18000,Petrol,1000,Automatic,Bhakkar,3050000.0
